101,0,1,120,132,エビ,0,1,0,1,41,0,0,,20230202_新規導入
103,0,1,190,209,特大エビ,0,1,0,1,41,0,0,,20230202_新規導入
105,0,1,130,143,甘エビ,0,1,0,1,41,0,0,,20230202_新規導入
107,0,1,130,143,生エビ,0,1,0,1,41,0,0,,20230202_新規導入
109,0,1,160,176,特大赤生エビ,0,1,0,1,41,0,0,,20230801_新規追加
111,0,1,120,132,イカ,0,1,0,1,41,0,0,,20230801_価格変更
113,0,1,140,154,甲イカ,0,1,0,1,41,0,0,,20230925_新規導入
115,0,1,130,143,生ゲソ,0,1,0,1,41,0,0,,20230202_新規導入
117,0,1,160,176,生水ダコ,0,1,0,1,41,0,0,,20230202_新規導入
119,0,1,160,176,柳ダコ,0,1,0,1,41,0,0,,20230202_新規導入
121,0,1,140,154,マグロ,0,1,0,1,41,0,0,,20230202_新規導入
123,0,1,140,154,ビンチョウマグロ,0,1,0,1,41,0,0,,20230801_価格変更
125,0,1,180,198,中トロ 1貫,0,1,0,1,41,0,0,,20230801_価格変更
127,0,1,190,209,ヒラス,0,1,0,1,41,0,0,,20230202_新規導入
129,0,1,160,176,ヒラスズリ,0,1,0,1,41,0,0,,20230202_新規導入
131,0,1,170,187,タイ,0,1,0,1,41,0,0,,20230801_価格変更
133,0,1,200,220,ひらめ,0,1,0,1,41,0,0,,20230202_新規導入
135,0,1,140,154,イワシ,0,1,0,1,41,0,0,,20230202_新規導入
137,0,1,140,154,太刀魚,0,1,0,1,41,0,0,,20230202_新規導入
139,0,1,150,165,自家製〆サバ,0,1,0,1,41,0,0,,20230202_新規導入
141,0,1,140,154,アジ,0,1,0,1,41,0,0,,20230202_新規導入
143,0,1,120,132,コハダ,0,1,0,1,41,0,0,,20230202_新規導入
145,0,1,240,264,シマアジ,0,1,0,1,41,0,0,,20230202_新規導入
147,0,1,170,187,昆布〆タイ,0,1,0,1,41,0,0,,20230801_価格変更
149,0,1,200,220,昆布〆ヒラメ,0,1,0,1,41,0,0,,20230202_新規導入
151,0,1,150,165,バッテラ,0,0,0,0,0,0,0,,20230202_新規導入
152,0,1,150,165,焼きサバ寿司,0,0,0,0,0,0,0,,20230202_新規導入
153,0,1,210,231,生ホタテ,0,1,0,1,41,0,0,,20230202_新規導入
154,0,1,820,902,活あわび●,0,0,0,0,0,0,0,,20250301_新規導入
155,0,1,150,165,ツブ貝,0,1,0,1,41,0,0,,20230801_価格変更
157,0,1,140,154,ホッキ貝,0,1,0,1,41,0,0,,20230202_新規導入
159,0,1,140,154,にし貝,0,1,0,1,41,0,0,,20230202_新規導入
161,0,1,200,220,赤貝,0,1,0,1,41,0,0,,20230202_新規導入
163,0,1,180,198,本マグロ 赤身,0,1,0,1,41,0,0,,20230202_新規導入
165,0,1,250,275,本マグロ 中トロ,0,1,0,1,41,0,0,,20230202_新規導入
167,0,1,320,352,本マグロ 大トロ,0,1,0,1,41,0,0,,20230202_新規導入
201,0,1,200,220,煮込穴子●,0,0,0,0,0,0,0,,20230202_新規導入
203,0,1,200,220,炙り穴子 一貫●,0,0,0,0,0,0,0,,20230202_新規導入
204,0,1,170,187,エンガワ,0,1,0,1,41,0,0,,20230202_新規導入
206,0,1,170,187,シャコ,0,1,0,1,41,0,0,,20230801_価格変更
208,0,1,170,187,数の子,0,1,0,1,41,0,0,,20230801_価格変更
210,0,1,130,143,エビ天,0,0,0,0,0,0,0,,20230202_新規導入
211,0,1,120,132,イカ天,0,0,0,0,0,0,0,,20230801_価格変更
212,0,1,160,176,生ハム,0,0,0,0,0,0,0,,20230202_新規導入
213,0,1,180,198,ローストビーフ,0,0,0,0,0,0,0,,20230202_新規導入
214,0,1,150,165,豚カルビ,0,0,0,0,0,0,0,,20230202_新規導入
215,0,1,170,187,炙り牛ステーキ,0,0,0,0,0,0,0,,20230202_新規導入
216,0,1,210,231,生ホタテ塩炙り●,0,0,0,0,0,0,0,,20230202_新規導入
217,0,1,120,132,炙りエビ●,0,0,0,0,0,0,0,,20230202_新規導入
218,0,1,130,143,炙りイカ●,0,0,0,0,0,0,0,,20230801_価格変更
219,0,1,200,220,炙りうなぎ●,0,0,0,0,0,0,0,,20230202_新規導入
220,0,1,110,121,揚げナス,0,0,0,0,0,0,0,,20230202_新規導入
221,0,1,110,121,イナリ,0,0,0,0,0,0,0,,20230202_新規導入
222,0,1,130,143,玉子,0,0,0,0,0,0,0,,20230801_価格変更
223,0,1,120,132,ウインナー,0,0,0,0,0,0,0,,20230801_価格変更
224,0,1,190,209,エビ三種盛り,0,1,0,1,41,0,0,,20230202_新規導入
226,0,1,220,242,クジラ赤ベーコン,0,1,0,1,41,0,0,,20230202_新規導入
230,0,1,110,121,島原ハム,0,0,0,0,0,0,0,,20230801_価格変更
231,0,1,110,121,ミニバーグ,0,0,0,0,0,0,0,,20230801_価格変更
232,0,1,170,187,炙り牛カルビ,0,0,0,0,0,0,0,,20210320_新規追加
233,0,1,170,187,炙り牛カルビオニオン,0,0,0,0,0,0,0,,20210320_新規追加
301,0,1,190,209,サーモン,0,1,0,1,41,0,0,,20230202_新規導入
303,0,1,190,209,サーモン炙り●,0,0,0,0,0,0,0,,20230202_新規導入
304,0,1,190,209,サーモンオニオン●,0,0,0,0,0,0,0,,20230202_新規導入
305,0,1,260,286,サーモントロ2貫,0,1,0,1,41,0,0,,20230202_新規導入
307,0,1,260,286,サーモントロ塩炙り2貫●,0,0,0,0,0,0,0,,20230202_新規導入
311,0,1,190,209,マヨダレサーモン●,0,0,0,0,0,0,0,,20230202_新規導入
312,0,1,190,209,みそ炙りサーモン●,0,0,0,0,0,0,0,,20230202_新規導入
313,0,1,190,209,サーモンミニ寿司●,0,0,0,0,0,0,0,,20230202_新規導入
314,0,1,190,209,サーモンミニ炙り寿司●,0,0,0,0,0,0,0,,20230202_新規導入
315,0,1,180,198,サーモン中落ち軍艦,0,0,0,0,0,0,0,,20230801_価格変更
316,0,1,350,385,サーモン巻,0,0,0,0,0,0,0,,20230801_価格変更
401,0,1,120,132,小エビ握り●,0,0,0,0,0,0,0,,20230202_新規導入
402,0,1,140,154,マグロミニ寿司●,0,0,0,0,0,0,0,,20230202_新規導入
501,0,1,270,297,ウニ,0,0,0,0,0,0,0,,20230202_新規導入
502,0,1,250,275,イクラ,0,0,0,0,0,0,0,,20230202_新規導入
503,0,1,260,286,ウニ・イクラ,0,0,0,0,0,0,0,,20230202_新規導入
504,0,1,150,165,トビッコ,0,0,0,0,0,0,0,,20230801_価格変更
505,0,1,150,165,ネギトロ,0,0,0,0,0,0,0,,20230801_価格変更
506,0,1,130,143,ネギトロ納豆,0,0,0,0,0,0,0,,20230801_価格変更
507,0,1,140,154,ネギトロ山芋,0,0,0,0,0,0,0,,20230801_価格変更
508,0,1,120,132,なっとう,0,0,0,0,0,0,0,,20230801_価格変更
509,0,1,140,154,山芋,0,0,0,0,0,0,0,,20230801_価格変更
510,0,1,120,132,コーン,0,0,0,0,0,0,0,,20230801_価格変更
511,0,1,120,132,ツナ,0,0,0,0,0,0,0,,20230801_価格変更
512,0,1,150,165,ホッキ貝サラダ,0,0,0,0,0,0,0,,20230801_価格変更
513,0,1,120,132,カニ風味サラダ,0,0,0,0,0,0,0,,20230801_価格変更
514,0,1,140,154,タコワサビ,0,0,0,0,0,0,0,,20230801_価格変更
515,0,1,250,275,イクラサーモン,0,0,0,0,0,0,0,,20230202_新規導入
516,0,1,240,264,ウニホタテ,0,0,0,0,0,0,0,,20230202_新規導入
517,0,1,150,165,なめたけ,0,0,0,0,0,0,0,,20230801_価格変更
601,0,1,120,132,カッパ巻,0,0,0,0,0,0,0,,20230801_価格変更
602,0,1,120,132,シンコ巻,0,0,0,0,0,0,0,,20230801_価格変更
603,0,1,120,132,なっとう巻,0,1,0,5,44,0,0,,20230801_価格変更
604,0,1,130,143,山芋巻,0,0,0,0,0,0,0,,20230801_価格変更
605,0,1,170,187,ネギトロ巻,0,0,0,0,0,0,0,,20230801_価格変更
607,0,1,180,198,鉄火巻,0,1,0,1,41,0,0,,20230801_価格変更
609,0,1,170,187,マグロ納豆巻,0,1,0,5,44,0,0,,20230801_価格変更
610,0,1,220,242,ヒレカツ巻,0,0,0,0,0,0,0,,20230801_価格変更
611,0,1,220,242,エビフライ巻,0,0,0,0,0,0,0,,20230801_価格変更
612,0,1,250,275,特大エビレタス巻,0,0,0,0,0,0,0,,20230801_価格変更
613,0,1,260,286,海鮮巻,0,1,0,1,41,0,0,,20230801_価格変更
614,0,1,220,242,カニ風味サラダ巻,0,0,0,0,0,0,0,,20230801_価格変更
615,0,1,120,132,太巻,0,0,0,0,0,0,0,,20230801_価格変更
617,0,1,250,275,エビサラダ巻,0,0,0,0,0,0,0,,20240523_新規導入
619,0,1,270,297,牛カルビ巻,0,0,0,0,0,0,0,,20210320_新規追加
701,0,1,680,748,刺身5種盛,0,0,0,0,0,0,0,,20230202_新規導入
702,0,1,600,660,天ぷら盛合せ,0,0,0,0,0,0,0,,20230202_新規導入
704,0,1,160,176,ポテトフライ,0,0,0,0,0,0,0,,20230801_価格変更
705,0,1,300,330,ごぼう唐揚げ,0,0,0,0,0,0,0,,20230202_新規導入
706,0,1,300,330,鯛だし鶏唐揚げ,0,0,0,0,0,0,0,,20230202_新規導入
707,0,1,350,385,イカ下足フライ,0,0,0,0,0,0,0,,20230202_新規導入
708,0,1,300,330,軟骨唐揚げ,0,0,0,0,0,0,0,,20230202_新規導入
709,0,1,220,242,マグロの唐揚げ,0,0,0,0,0,0,0,,20230202_新規導入
710,0,1,380,418,すり身揚げ,0,0,0,0,0,0,0,,20230202_新規導入
711,0,1,200,220,揚げタコ焼き,0,0,0,0,0,0,0,,20230202_新規導入
712,0,1,220,242,ゴマ団子,0,0,0,0,0,0,0,,20230202_新規導入
713,0,1,300,330,出汁巻き玉子,0,0,0,0,0,0,0,,20230202_新規導入
714,0,1,200,220,えだまめ,0,0,0,0,0,0,0,,20230202_新規導入
715,0,1,400,440,えび天うどん,0,0,0,0,0,0,0,,20230801_価格変更
716,0,1,400,440,きつねうどん,0,0,0,0,0,0,0,,20230801_価格変更
717,0,1,400,440,アオサうどん,0,4,0,4,0,0,0,,20230801_価格変更
718,0,1,420,462,とんこつラーメン,0,0,0,0,0,0,0,,20230202_新規導入
719,0,1,420,462,煮干しラーメン,0,0,0,0,0,0,0,,20230202_新規導入
720,0,1,500,550,担々麺,0,0,0,0,0,0,0,,20230202_新規導入
721,0,1,400,440,シーザーサラダ,0,0,0,0,0,0,0,,20230202_新規導入
722,0,1,140,154,あさり汁,0,0,0,0,0,0,0,,20230801_価格変更
723,0,1,210,231,アオサ味噌汁,0,4,0,4,0,0,0,,20230202_新規導入
724,0,1,210,231,つみれ汁,0,0,0,0,0,0,0,,20230202_新規導入
725,0,1,210,231,アラ汁,0,0,0,0,0,0,0,,20230202_新規導入
726,0,1,300,330,茶碗蒸し,0,0,0,0,0,0,0,,20230202_新規導入
727,0,1,280,308,自家製アイス\nミルク,0,0,0,0,0,0,0,,20230202_新規導入
728,0,1,280,308,自家製アイス\nチョコ,0,0,0,0,0,0,0,,20230202_新規導入
729,0,1,280,308,自家製アイス\nイチゴ,0,0,0,0,0,0,0,,20230202_新規導入
730,0,1,320,352,自家製アイス\n完熟マンゴー,0,0,0,0,0,0,0,,20230202_新規導入
731,0,1,280,308,自家製アイス\nほうじ茶,0,0,0,0,0,0,0,,20230202_新規導入
732,0,1,280,308,自家製アイス\nミックス,0,0,0,0,0,0,0,,20230202_新規導入
733,0,1,320,352,自家製アイス\nミルクあんこ,0,0,0,0,0,0,0,,20230202_新規導入
734,0,1,320,352,自家製アイス\nほうじ茶あんこ,0,0,0,0,0,0,0,,20230202_新規導入
735,0,1,200,220,自家製杏仁豆腐,0,0,0,0,0,0,0,,20230202_新規導入
736,0,1,130,143,自家製プリン,0,0,0,0,0,0,0,,20230801_価格変更
737,0,1,110,121,自家製フローズンゼリー\nオレンジ,0,0,0,0,0,0,0,,20230801_価格変更
738,0,1,110,121,自家製フローズンゼリー\nグレープ,0,0,0,0,0,0,0,,20230801_価格変更
739,0,1,110,121,自家製コーヒーゼリー,0,0,0,0,0,0,0,,20230801_価格変更
740,0,1,200,220,自家製クレームブリュレ,0,0,0,0,0,0,0,,20230202_新規導入
741,0,1,100,110,（1個）かりんとう,0,0,0,0,0,0,0,,20230202_新規導入
742,0,1,200,220,（2個）かりんとう,0,0,0,0,0,0,0,,20230202_新規導入
744,0,1,320,352,自家製アイス\nミックスあんこ,0,0,0,0,0,0,0,,20230202_新規導入
745,0,1,130,143,あんドーナツ,0,0,0,0,0,0,0,,20230202_新規導入
746,0,1,420,462,肉うどん,0,0,0,0,0,0,0,,20210320_新規追加
747,0,1,190,209,ショコラケーキ,0,0,0,0,0,0,0,,20240523_新規導入
748,0,1,220,242,ベイクドチーズケーキ,0,0,0,0,0,0,0,,20240523_新規導入
749,0,1,220,242,ベイクドチーズブリュレ,0,0,0,0,0,0,0,,20240523_新規導入
751,0,1,320,352,かけうどん,0,0,0,0,0,0,0,,20250301_新規導入
801,0,1,650,715,瓶)サントリー,0,1,0,6,45,0,0,,20230202_新規導入
802,0,1,650,715,瓶)アサヒ,0,1,0,6,45,0,0,,20230202_新規導入
803,0,1,480,528,生ビール サントリー\nプレミアムモルツ,0,0,0,0,0,0,0,,20230202_新規導入
804,0,1,720,792,日本酒,0,1,0,6,45,0,0,,20230202_新規導入
805,0,1,300,330,ノンアルコールビール,0,0,0,0,0,0,0,,20230801_価格変更
806,0,1,360,396,角ハイボール,0,0,0,0,0,0,0,,20230202_新規導入
807,0,1,310,341,レモンサワー,0,0,0,0,0,0,0,,20230202_新規導入
808,0,1,310,341,梅酒ハイボール,0,0,0,0,0,0,0,,20230202_新規導入
809,0,1,360,396,壱岐ゴールド,0,1,0,2,42,0,0,,20230202_新規導入
813,0,1,360,396,大隈,0,1,0,2,42,0,0,,20230202_新規導入
817,0,1,160,176,ラムネ,0,0,0,0,0,0,0,,20230801_価格変更
818,0,1,140,154,コーラ,0,0,0,0,0,0,0,,20230202_新規導入
819,0,1,140,154,メロンソーダ,0,0,0,0,0,0,0,,20230202_新規導入
820,0,1,140,154,カルピス,0,0,0,0,0,0,0,,20230202_新規導入
821,0,1,140,154,カルピスソーダ,0,0,0,0,0,0,0,,20230202_新規導入
822,0,1,140,154,オレンジジュース,0,0,0,0,0,0,0,,20230202_新規導入
823,0,1,140,154,烏龍茶,0,0,0,0,0,0,0,,20230202_新規導入
824,0,1,210,231,わかたけコーヒー,0,1,0,3,43,0,0,,20230202_新規導入
825,0,1,260,286,カフェラテ,0,1,0,3,43,0,0,,20230202_新規導入
826,0,1,260,286,抹茶ラテ,0,1,0,3,43,0,0,,20230202_新規導入
827,0,1,260,286,ほうじ茶ラテ,0,1,0,3,43,0,0,,20230202_新規導入
2001,0,1,0,0,おすすめ(サビあり・サビ抜き)KD:表示,0,1,0,1,41,0,0,,20230202_新規導入
2002,0,1,0,0,おすすめ(サビあり・サビ抜き)KD:表示,0,1,0,1,41,0,0,,20230202_新規導入
2003,0,1,0,0,おすすめ(サビあり・サビ抜き)KD:表示,0,1,0,1,41,0,0,,20230202_新規導入
2004,0,1,0,0,おすすめ(サビあり・サビ抜き)KD:表示,0,1,0,1,41,0,0,,20230202_新規導入
2005,0,1,0,0,おすすめ(サビあり・サビ抜き)KD:表示,0,1,0,1,41,0,0,,20230202_新規導入
2006,0,1,0,0,おすすめ(サビあり・サビ抜き)KD:表示,0,1,0,1,41,0,0,,20230202_新規導入
2007,0,1,0,0,おすすめ(サビあり・サビ抜き)KD:表示,0,1,0,1,41,0,0,,20230202_新規導入
2008,0,1,0,0,おすすめ(サビあり・サビ抜き)KD:表示,0,1,0,1,41,0,0,,20230202_新規導入
2009,0,1,0,0,おすすめ(サビあり・サビ抜き)KD:表示,0,1,0,1,41,0,0,,20230202_新規導入
2010,0,1,0,0,おすすめ(サビあり・サビ抜き)KD:表示,0,1,0,1,41,0,0,,20230202_新規導入
2011,0,1,0,0,おすすめ(サビあり・サビ抜き)KD:表示,0,1,0,1,41,0,0,,20230202_新規導入
2012,0,1,0,0,おすすめ(サビあり・サビ抜き)KD:表示,0,1,0,1,41,0,0,,20230202_新規導入
2013,0,1,0,0,おすすめ(サビあり・サビ抜き)KD:表示,0,1,0,1,41,0,0,,20230202_新規導入
2014,0,1,0,0,おすすめ(サビあり・サビ抜き)KD:表示,0,1,0,1,41,0,0,,20230202_新規導入
2015,0,1,0,0,おすすめ(サビあり・サビ抜き)KD:表示,0,1,0,1,41,0,0,,20230202_新規導入
2016,0,1,0,0,おすすめ(サビあり・サビ抜き)KD:表示,0,1,0,1,41,0,0,,20230202_新規導入
2017,0,1,0,0,おすすめ(サビあり・サビ抜き)KD:表示,0,1,0,1,41,0,0,,20230202_新規導入
2018,0,1,0,0,おすすめ(サビあり・サビ抜き)KD:表示,0,1,0,1,41,0,0,,20230202_新規導入
2019,0,1,0,0,おすすめ(サビあり・サビ抜き)KD:表示,0,1,0,1,41,0,0,,20230202_新規導入
2020,0,1,0,0,おすすめ(サビあり・サビ抜き)KD:表示,0,1,0,1,41,0,0,,20230202_新規導入
2021,0,1,0,0,おすすめ(サビあり・サビ抜き)KD:表示,0,1,0,1,41,0,0,,20230202_新規導入
2022,0,1,0,0,おすすめ(サビあり・サビ抜き)KD:表示,0,1,0,1,41,0,0,,20230202_新規導入
2023,0,1,0,0,おすすめ(サビあり・サビ抜き)KD:表示,0,1,0,1,41,0,0,,20230202_新規導入
2024,0,1,0,0,おすすめ(サビあり・サビ抜き)KD:表示,0,1,0,1,41,0,0,,20230202_新規導入
2025,0,1,0,0,おすすめ(サビあり・サビ抜き)KD:表示,0,1,0,1,41,0,0,,20230202_新規導入
2026,0,1,0,0,おすすめ(サビあり・サビ抜き)KD:表示,0,1,0,1,41,0,0,,20230202_新規導入
2027,0,1,0,0,おすすめ(サビあり・サビ抜き)KD:表示,0,1,0,1,41,0,0,,20230202_新規導入
2028,0,1,0,0,おすすめ(サビあり・サビ抜き)KD:表示,0,1,0,1,41,0,0,,20230202_新規導入
2029,0,1,0,0,おすすめ(サビあり・サビ抜き)KD:表示,0,1,0,1,41,0,0,,20230202_新規導入
2030,0,1,0,0,おすすめ(サビあり・サビ抜き)KD:表示,0,1,0,1,41,0,0,,20230202_新規導入
2031,0,1,0,0,おすすめ(サビあり・サビ抜き)KD:表示,0,1,0,1,41,0,0,,20230202_新規導入
2032,0,1,0,0,おすすめ(サビあり・サビ抜き)KD:表示,0,1,0,1,41,0,0,,20230202_新規導入
2033,0,1,0,0,おすすめ(サビあり・サビ抜き)KD:表示,0,1,0,1,41,0,0,,20230202_新規導入
2034,0,1,0,0,おすすめ(サビあり・サビ抜き)KD:表示,0,1,0,1,41,0,0,,20230202_新規導入
2035,0,1,0,0,おすすめ(サビあり・サビ抜き)KD:表示,0,1,0,1,41,0,0,,20230202_新規導入
2036,0,1,0,0,おすすめ(サビあり・サビ抜き)KD:表示,0,1,0,1,41,0,0,,20230202_新規導入
2037,0,1,0,0,おすすめ(サビあり・サビ抜き)KD:表示,0,1,0,1,41,0,0,,20230202_新規導入
2038,0,1,0,0,おすすめ(サビあり・サビ抜き)KD:表示,0,1,0,1,41,0,0,,20230202_新規導入
2039,0,1,0,0,おすすめ(サビあり・サビ抜き)KD:表示,0,1,0,1,41,0,0,,20230202_新規導入
2040,0,1,0,0,おすすめ(サビあり・サビ抜き)KD:表示,0,1,0,1,41,0,0,,20230202_新規導入
2041,0,1,0,0,おすすめ(サビあり・サビ抜き)KD:表示,0,1,0,1,41,0,0,,20230202_新規導入
2042,0,1,0,0,おすすめ(サビあり・サビ抜き)KD:表示,0,1,0,1,41,0,0,,20230202_新規導入
2043,0,1,0,0,おすすめ(サビあり・サビ抜き)KD:表示,0,1,0,1,41,0,0,,20230202_新規導入
2044,0,1,0,0,おすすめ(サビあり・サビ抜き)KD:表示,0,1,0,1,41,0,0,,20230202_新規導入
2045,0,1,0,0,おすすめ(サビあり・サビ抜き)KD:表示,0,1,0,1,41,0,0,,20230202_新規導入
2046,0,1,0,0,おすすめ(サビあり・サビ抜き)KD:表示,0,1,0,1,41,0,0,,20230202_新規導入
2047,0,1,0,0,おすすめ(サビあり・サビ抜き)KD:表示,0,1,0,1,41,0,0,,20230202_新規導入
2048,0,1,0,0,おすすめ(サビあり・サビ抜き)KD:表示,0,1,0,1,41,0,0,,20230202_新規導入
2049,0,1,0,0,おすすめ(サビあり・サビ抜き)KD:表示,0,1,0,1,41,0,0,,20230202_新規導入
2050,0,1,0,0,おすすめ(サビあり・サビ抜き)KD:表示,0,1,0,1,41,0,0,,20230202_新規導入
2051,0,1,0,0,おすすめ(サビあり・サビ抜き)KD:表示,0,1,0,1,41,0,0,,20230202_新規導入
2052,0,1,0,0,おすすめ(サビあり・サビ抜き)KD:表示,0,1,0,1,41,0,0,,20230202_新規導入
2053,0,1,0,0,おすすめ(サビあり・サビ抜き)KD:表示,0,1,0,1,41,0,0,,20230202_新規導入
2054,0,1,0,0,おすすめ(サビあり・サビ抜き)KD:表示,0,1,0,1,41,0,0,,20230202_新規導入
2055,0,1,0,0,おすすめ(サビあり・サビ抜き)KD:表示,0,1,0,1,41,0,0,,20230202_新規導入
2056,0,1,0,0,おすすめ(サビあり・サビ抜き)KD:表示,0,1,0,1,41,0,0,,20230202_新規導入
2057,0,1,0,0,おすすめ(サビあり・サビ抜き)KD:表示,0,1,0,1,41,0,0,,20230202_新規導入
2058,0,1,0,0,おすすめ(サビあり・サビ抜き)KD:表示,0,1,0,1,41,0,0,,20230202_新規導入
2059,0,1,0,0,おすすめ(サビあり・サビ抜き)KD:表示,0,1,0,1,41,0,0,,20230202_新規導入
2060,0,1,0,0,おすすめ(サビあり・サビ抜き)KD:表示,0,1,0,1,41,0,0,,20230202_新規導入
2061,0,1,0,0,おすすめ(サビあり・サビ抜き)KD:表示,0,1,0,1,41,0,0,,20230202_新規導入
2062,0,1,0,0,おすすめ(サビあり・サビ抜き)KD:表示,0,1,0,1,41,0,0,,20230202_新規導入
2063,0,1,0,0,おすすめ(サビあり・サビ抜き)KD:表示,0,1,0,1,41,0,0,,20230202_新規導入
2064,0,1,0,0,おすすめ(サビあり・サビ抜き)KD:表示,0,1,0,1,41,0,0,,20230202_新規導入
2065,0,1,0,0,おすすめ(サビあり・サビ抜き)KD:表示,0,1,0,1,41,0,0,,20230202_新規導入
2066,0,1,0,0,おすすめ(サビあり・サビ抜き)KD:表示,0,1,0,1,41,0,0,,20230202_新規導入
2067,0,1,0,0,おすすめ(サビあり・サビ抜き)KD:表示,0,1,0,1,41,0,0,,20230202_新規導入
2068,0,1,0,0,おすすめ(サビあり・サビ抜き)KD:表示,0,1,0,1,41,0,0,,20230202_新規導入
2069,0,1,0,0,おすすめ(サビあり・サビ抜き)KD:表示,0,1,0,1,41,0,0,,20230202_新規導入
2070,0,1,0,0,おすすめ(サビあり・サビ抜き)KD:表示,0,1,0,1,41,0,0,,20230202_新規導入
2071,0,1,0,0,おすすめ(サビあり・サビ抜き)KD:表示,0,1,0,1,41,0,0,,20230202_新規導入
2072,0,1,0,0,おすすめ(サビあり・サビ抜き)KD:表示,0,1,0,1,41,0,0,,20230202_新規導入
2073,0,1,0,0,おすすめ(サビあり・サビ抜き)KD:表示,0,1,0,1,41,0,0,,20230202_新規導入
2074,0,1,0,0,おすすめ(サビあり・サビ抜き)KD:表示,0,1,0,1,41,0,0,,20230202_新規導入
2075,0,1,0,0,おすすめ(サビあり・サビ抜き)KD:表示,0,1,0,1,41,0,0,,20230202_新規導入
2076,0,1,0,0,おすすめ(サビあり・サビ抜き)KD:表示,0,1,0,1,41,0,0,,20230202_新規導入
2077,0,1,0,0,おすすめ(サビあり・サビ抜き)KD:表示,0,1,0,1,41,0,0,,20230202_新規導入
2078,0,1,0,0,おすすめ(サビあり・サビ抜き)KD:表示,0,1,0,1,41,0,0,,20230202_新規導入
2079,0,1,0,0,おすすめ(サビあり・サビ抜き)KD:表示,0,1,0,1,41,0,0,,20230202_新規導入
2080,0,1,0,0,おすすめ(サビあり・サビ抜き)KD:表示,0,1,0,1,41,0,0,,20230202_新規導入
2081,0,1,0,0,おすすめ(サビあり・サビ抜き)KD:表示,0,1,0,1,41,0,0,,20230202_新規導入
2082,0,1,0,0,おすすめ(サビあり・サビ抜き)KD:表示,0,1,0,1,41,0,0,,20230202_新規導入
2083,0,1,0,0,おすすめ(サビあり・サビ抜き)KD:表示,0,1,0,1,41,0,0,,20230202_新規導入
2084,0,1,0,0,おすすめ(サビあり・サビ抜き)KD:表示,0,1,0,1,41,0,0,,20230202_新規導入
2085,0,1,0,0,おすすめ(サビあり・サビ抜き)KD:表示,0,1,0,1,41,0,0,,20230202_新規導入
2086,0,1,0,0,おすすめ(サビあり・サビ抜き)KD:表示,0,1,0,1,41,0,0,,20230202_新規導入
2087,0,1,0,0,おすすめ(サビあり・サビ抜き)KD:表示,0,1,0,1,41,0,0,,20230202_新規導入
2088,0,1,0,0,おすすめ(サビあり・サビ抜き)KD:表示,0,1,0,1,41,0,0,,20230202_新規導入
2089,0,1,0,0,おすすめ(サビあり・サビ抜き)KD:表示,0,1,0,1,41,0,0,,20230202_新規導入
2090,0,1,0,0,おすすめ(サビあり・サビ抜き)KD:表示,0,1,0,1,41,0,0,,20230202_新規導入
2091,0,1,0,0,おすすめ(サビあり・サビ抜き)KD:表示,0,1,0,1,41,0,0,,20230202_新規導入
2092,0,1,0,0,おすすめ(サビあり・サビ抜き)KD:表示,0,1,0,1,41,0,0,,20230202_新規導入
2093,0,1,0,0,おすすめ(サビあり・サビ抜き)KD:表示,0,1,0,1,41,0,0,,20230202_新規導入
2094,0,1,0,0,おすすめ(サビあり・サビ抜き)KD:表示,0,1,0,1,41,0,0,,20230202_新規導入
2095,0,1,0,0,おすすめ(サビあり・サビ抜き)KD:表示,0,1,0,1,41,0,0,,20230202_新規導入
2096,0,1,0,0,おすすめ(サビあり・サビ抜き)KD:表示,0,1,0,1,41,0,0,,20230202_新規導入
2097,0,1,0,0,おすすめ(サビあり・サビ抜き)KD:表示,0,1,0,1,41,0,0,,20230202_新規導入
2098,0,1,0,0,おすすめ(サビあり・サビ抜き)KD:表示,0,1,0,1,41,0,0,,20230202_新規導入
2099,0,1,0,0,おすすめ(サビあり・サビ抜き)KD:表示,0,1,0,1,41,0,0,,20230202_新規導入
2100,0,1,0,0,おすすめ(サビあり・サビ抜き)KD:表示,0,1,0,1,41,0,0,,20230202_新規導入
2101,0,1,0,0,おすすめ(サビあり・サビ抜き)KD:表示,0,1,0,1,41,0,0,,20230202_新規導入
2102,0,1,0,0,おすすめ(サビあり・サビ抜き)KD:表示,0,1,0,1,41,0,0,,20230202_新規導入
2103,0,1,0,0,おすすめ(サビあり・サビ抜き)KD:表示,0,1,0,1,41,0,0,,20230202_新規導入
2104,0,1,0,0,おすすめ(サビあり・サビ抜き)KD:表示,0,1,0,1,41,0,0,,20230202_新規導入
2105,0,1,0,0,おすすめ(サビあり・サビ抜き)KD:表示,0,1,0,1,41,0,0,,20230202_新規導入
2106,0,1,0,0,おすすめ(サビあり・サビ抜き)KD:表示,0,1,0,1,41,0,0,,20230202_新規導入
2107,0,1,0,0,おすすめ(サビあり・サビ抜き)KD:表示,0,1,0,1,41,0,0,,20230202_新規導入
2108,0,1,0,0,おすすめ(サビあり・サビ抜き)KD:表示,0,1,0,1,41,0,0,,20230202_新規導入
2109,0,1,0,0,おすすめ(サビあり・サビ抜き)KD:表示,0,1,0,1,41,0,0,,20230202_新規導入
2110,0,1,0,0,おすすめ(サビあり・サビ抜き)KD:表示,0,1,0,1,41,0,0,,20230202_新規導入
2111,0,1,0,0,おすすめ(サビあり・サビ抜き)KD:表示,0,1,0,1,41,0,0,,20230202_新規導入
2112,0,1,0,0,おすすめ(サビあり・サビ抜き)KD:表示,0,1,0,1,41,0,0,,20230202_新規導入
2113,0,1,0,0,おすすめ(サビあり・サビ抜き)KD:表示,0,1,0,1,41,0,0,,20230202_新規導入
2114,0,1,0,0,おすすめ(サビあり・サビ抜き)KD:表示,0,1,0,1,41,0,0,,20230202_新規導入
2115,0,1,0,0,おすすめ(サビあり・サビ抜き)KD:表示,0,1,0,1,41,0,0,,20230202_新規導入
2116,0,1,0,0,おすすめ(サビあり・サビ抜き)KD:表示,0,1,0,1,41,0,0,,20230202_新規導入
2117,0,1,0,0,おすすめ(サビあり・サビ抜き)KD:表示,0,1,0,1,41,0,0,,20230202_新規導入
2118,0,1,0,0,おすすめ(サビあり・サビ抜き)KD:表示,0,1,0,1,41,0,0,,20230202_新規導入
2119,0,1,0,0,おすすめ(サビあり・サビ抜き)KD:表示,0,1,0,1,41,0,0,,20230202_新規導入
2120,0,1,0,0,おすすめ(サビあり・サビ抜き)KD:表示,0,1,0,1,41,0,0,,20230202_新規導入
2121,0,1,0,0,おすすめ(サビあり・サビ抜き)KD:表示,0,1,0,1,41,0,0,,20230202_新規導入
2122,0,1,0,0,おすすめ(サビあり・サビ抜き)KD:表示,0,1,0,1,41,0,0,,20230202_新規導入
2123,0,1,0,0,おすすめ(サビあり・サビ抜き)KD:表示,0,1,0,1,41,0,0,,20230202_新規導入
2124,0,1,0,0,おすすめ(サビあり・サビ抜き)KD:表示,0,1,0,1,41,0,0,,20230202_新規導入
2125,0,1,0,0,おすすめ(サビあり・サビ抜き)KD:表示,0,1,0,1,41,0,0,,20230202_新規導入
2126,0,1,0,0,おすすめ(サビあり・サビ抜き)KD:表示,0,1,0,1,41,0,0,,20230202_新規導入
2127,0,1,0,0,おすすめ(サビあり・サビ抜き)KD:表示,0,1,0,1,41,0,0,,20230202_新規導入
2128,0,1,0,0,おすすめ(サビあり・サビ抜き)KD:表示,0,1,0,1,41,0,0,,20230202_新規導入
2129,0,1,0,0,おすすめ(サビあり・サビ抜き)KD:表示,0,1,0,1,41,0,0,,20230202_新規導入
2130,0,1,0,0,おすすめ(サビあり・サビ抜き)KD:表示,0,1,0,1,41,0,0,,20230202_新規導入
2131,0,1,0,0,おすすめ(サビあり・サビ抜き)KD:表示,0,1,0,1,41,0,0,,20230202_新規導入
2132,0,1,0,0,おすすめ(サビあり・サビ抜き)KD:表示,0,1,0,1,41,0,0,,20230202_新規導入
2133,0,1,0,0,おすすめ(サビあり・サビ抜き)KD:表示,0,1,0,1,41,0,0,,20230202_新規導入
2134,0,1,0,0,おすすめ(サビあり・サビ抜き)KD:表示,0,1,0,1,41,0,0,,20230202_新規導入
2135,0,1,0,0,おすすめ(サビあり・サビ抜き)KD:表示,0,1,0,1,41,0,0,,20230202_新規導入
2136,0,1,0,0,おすすめ(サビあり・サビ抜き)KD:表示,0,1,0,1,41,0,0,,20230202_新規導入
2137,0,1,0,0,おすすめ(サビあり・サビ抜き)KD:表示,0,1,0,1,41,0,0,,20230202_新規導入
2138,0,1,0,0,おすすめ(サビあり・サビ抜き)KD:表示,0,1,0,1,41,0,0,,20230202_新規導入
2139,0,1,0,0,おすすめ(サビあり・サビ抜き)KD:表示,0,1,0,1,41,0,0,,20230202_新規導入
2140,0,1,0,0,おすすめ(サビあり・サビ抜き)KD:表示,0,1,0,1,41,0,0,,20230202_新規導入
2141,0,1,0,0,おすすめ(サビあり・サビ抜き)KD:表示,0,1,0,1,41,0,0,,20230202_新規導入
2142,0,1,0,0,おすすめ(サビあり・サビ抜き)KD:表示,0,1,0,1,41,0,0,,20230202_新規導入
2143,0,1,0,0,おすすめ(サビあり・サビ抜き)KD:表示,0,1,0,1,41,0,0,,20230202_新規導入
2144,0,1,0,0,おすすめ(サビあり・サビ抜き)KD:表示,0,1,0,1,41,0,0,,20230202_新規導入
2145,0,1,0,0,おすすめ(サビあり・サビ抜き)KD:表示,0,1,0,1,41,0,0,,20230202_新規導入
2146,0,1,0,0,おすすめ(サビあり・サビ抜き)KD:表示,0,1,0,1,41,0,0,,20230202_新規導入
2147,0,1,0,0,おすすめ(サビあり・サビ抜き)KD:表示,0,1,0,1,41,0,0,,20230202_新規導入
2148,0,1,0,0,おすすめ(サビあり・サビ抜き)KD:表示,0,1,0,1,41,0,0,,20230202_新規導入
2149,0,1,0,0,おすすめ(サビあり・サビ抜き)KD:表示,0,1,0,1,41,0,0,,20230202_新規導入
2150,0,1,0,0,おすすめ(サビあり・サビ抜き)KD:表示,0,1,0,1,41,0,0,,20230202_新規導入
2151,0,1,0,0,おすすめ(サビあり・サビ抜き)KD:表示,0,1,0,1,41,0,0,,20230202_新規導入
2152,0,1,0,0,おすすめ(サビあり・サビ抜き)KD:表示,0,1,0,1,41,0,0,,20230202_新規導入
2153,0,1,0,0,おすすめ(サビあり・サビ抜き)KD:表示,0,1,0,1,41,0,0,,20230202_新規導入
2154,0,1,0,0,おすすめ(サビあり・サビ抜き)KD:表示,0,1,0,1,41,0,0,,20230202_新規導入
2155,0,1,0,0,おすすめ(サビあり・サビ抜き)KD:表示,0,1,0,1,41,0,0,,20230202_新規導入
2156,0,1,0,0,おすすめ(サビあり・サビ抜き)KD:表示,0,1,0,1,41,0,0,,20230202_新規導入
2157,0,1,0,0,おすすめ(サビあり・サビ抜き)KD:表示,0,1,0,1,41,0,0,,20230202_新規導入
2158,0,1,0,0,おすすめ(サビあり・サビ抜き)KD:表示,0,1,0,1,41,0,0,,20230202_新規導入
2159,0,1,0,0,おすすめ(サビあり・サビ抜き)KD:表示,0,1,0,1,41,0,0,,20230202_新規導入
2160,0,1,0,0,おすすめ(サビあり・サビ抜き)KD:表示,0,1,0,1,41,0,0,,20230202_新規導入
2161,0,1,0,0,おすすめ(サビあり・サビ抜き)KD:表示,0,1,0,1,41,0,0,,20230202_新規導入
2162,0,1,0,0,おすすめ(サビあり・サビ抜き)KD:表示,0,1,0,1,41,0,0,,20230202_新規導入
2163,0,1,0,0,おすすめ(サビあり・サビ抜き)KD:表示,0,1,0,1,41,0,0,,20230202_新規導入
2164,0,1,0,0,おすすめ(サビあり・サビ抜き)KD:表示,0,1,0,1,41,0,0,,20230202_新規導入
2165,0,1,0,0,おすすめ(サビあり・サビ抜き)KD:表示,0,1,0,1,41,0,0,,20230202_新規導入
2166,0,1,0,0,おすすめ(サビあり・サビ抜き)KD:表示,0,1,0,1,41,0,0,,20230202_新規導入
2167,0,1,0,0,おすすめ(サビあり・サビ抜き)KD:表示,0,1,0,1,41,0,0,,20230202_新規導入
2168,0,1,0,0,おすすめ(サビあり・サビ抜き)KD:表示,0,1,0,1,41,0,0,,20230202_新規導入
2169,0,1,0,0,おすすめ(サビあり・サビ抜き)KD:表示,0,1,0,1,41,0,0,,20230202_新規導入
2170,0,1,0,0,おすすめ(サビあり・サビ抜き)KD:表示,0,1,0,1,41,0,0,,20230202_新規導入
2171,0,1,0,0,おすすめ(サビあり・サビ抜き)KD:表示,0,1,0,1,41,0,0,,20230202_新規導入
2172,0,1,0,0,おすすめ(サビあり・サビ抜き)KD:表示,0,1,0,1,41,0,0,,20230202_新規導入
2173,0,1,0,0,おすすめ(サビあり・サビ抜き)KD:表示,0,1,0,1,41,0,0,,20230202_新規導入
2174,0,1,0,0,おすすめ(サビあり・サビ抜き)KD:表示,0,1,0,1,41,0,0,,20230202_新規導入
2175,0,1,0,0,おすすめ(サビあり・サビ抜き)KD:表示,0,1,0,1,41,0,0,,20230202_新規導入
2176,0,1,0,0,おすすめ(サビあり・サビ抜き)KD:表示,0,1,0,1,41,0,0,,20230202_新規導入
2177,0,1,0,0,おすすめ(サビあり・サビ抜き)KD:表示,0,1,0,1,41,0,0,,20230202_新規導入
2178,0,1,0,0,おすすめ(サビあり・サビ抜き)KD:表示,0,1,0,1,41,0,0,,20230202_新規導入
2179,0,1,0,0,おすすめ(サビあり・サビ抜き)KD:表示,0,1,0,1,41,0,0,,20230202_新規導入
2180,0,1,0,0,おすすめ(サビあり・サビ抜き)KD:表示,0,1,0,1,41,0,0,,20230202_新規導入
2181,0,1,0,0,おすすめ(サビあり・サビ抜き)KD:表示,0,1,0,1,41,0,0,,20230202_新規導入
2182,0,1,0,0,おすすめ(サビあり・サビ抜き)KD:表示,0,1,0,1,41,0,0,,20230202_新規導入
2183,0,1,0,0,おすすめ(サビあり・サビ抜き)KD:表示,0,1,0,1,41,0,0,,20230202_新規導入
2184,0,1,0,0,おすすめ(サビあり・サビ抜き)KD:表示,0,1,0,1,41,0,0,,20230202_新規導入
2185,0,1,0,0,おすすめ(サビあり・サビ抜き)KD:表示,0,1,0,1,41,0,0,,20230202_新規導入
2186,0,1,0,0,おすすめ(サビあり・サビ抜き)KD:表示,0,1,0,1,41,0,0,,20230202_新規導入
2187,0,1,0,0,おすすめ(サビあり・サビ抜き)KD:表示,0,1,0,1,41,0,0,,20230202_新規導入
2188,0,1,0,0,おすすめ(サビあり・サビ抜き)KD:表示,0,1,0,1,41,0,0,,20230202_新規導入
2189,0,1,0,0,おすすめ(サビあり・サビ抜き)KD:表示,0,1,0,1,41,0,0,,20230202_新規導入
2190,0,1,0,0,おすすめ(サビあり・サビ抜き)KD:表示,0,1,0,1,41,0,0,,20230202_新規導入
2191,0,1,0,0,おすすめ(サビあり・サビ抜き)KD:表示,0,1,0,1,41,0,0,,20230202_新規導入
2192,0,1,0,0,おすすめ(サビあり・サビ抜き)KD:表示,0,1,0,1,41,0,0,,20230202_新規導入
2193,0,1,0,0,おすすめ(サビあり・サビ抜き)KD:表示,0,1,0,1,41,0,0,,20230202_新規導入
2194,0,1,0,0,おすすめ(サビあり・サビ抜き)KD:表示,0,1,0,1,41,0,0,,20230202_新規導入
2195,0,1,0,0,おすすめ(サビあり・サビ抜き)KD:表示,0,1,0,1,41,0,0,,20230202_新規導入
2196,0,1,0,0,おすすめ(サビあり・サビ抜き)KD:表示,0,1,0,1,41,0,0,,20230202_新規導入
2197,0,1,0,0,おすすめ(サビあり・サビ抜き)KD:表示,0,1,0,1,41,0,0,,20230202_新規導入
2198,0,1,0,0,おすすめ(サビあり・サビ抜き)KD:表示,0,1,0,1,41,0,0,,20230202_新規導入
2199,0,1,0,0,おすすめ(サビあり・サビ抜き)KD:表示,0,1,0,1,41,0,0,,20230202_新規導入
2200,0,1,0,0,おすすめ(サビあり・サビ抜き)KD:表示,0,1,0,1,41,0,0,,20230202_新規導入
2201,0,1,0,0,おすすめ(サビあり・サビ抜き)KD:非表示,0,1,0,1,41,0,0,,20230202_新規導入
2202,0,1,0,0,おすすめ(サビあり・サビ抜き)KD:非表示,0,1,0,1,41,0,0,,20230202_新規導入
2203,0,1,0,0,おすすめ(サビあり・サビ抜き)KD:非表示,0,1,0,1,41,0,0,,20230202_新規導入
2204,0,1,0,0,おすすめ(サビあり・サビ抜き)KD:非表示,0,1,0,1,41,0,0,,20230202_新規導入
2205,0,1,0,0,おすすめ(サビあり・サビ抜き)KD:非表示,0,1,0,1,41,0,0,,20230202_新規導入
2206,0,1,0,0,おすすめ(サビあり・サビ抜き)KD:非表示,0,1,0,1,41,0,0,,20230202_新規導入
2207,0,1,0,0,おすすめ(サビあり・サビ抜き)KD:非表示,0,1,0,1,41,0,0,,20230202_新規導入
2208,0,1,0,0,おすすめ(サビあり・サビ抜き)KD:非表示,0,1,0,1,41,0,0,,20230202_新規導入
2209,0,1,0,0,おすすめ(サビあり・サビ抜き)KD:非表示,0,1,0,1,41,0,0,,20230202_新規導入
2210,0,1,0,0,おすすめ(サビあり・サビ抜き)KD:非表示,0,1,0,1,41,0,0,,20230202_新規導入
2211,0,1,0,0,おすすめ(サビあり・サビ抜き)KD:非表示,0,1,0,1,41,0,0,,20230202_新規導入
2212,0,1,0,0,おすすめ(サビあり・サビ抜き)KD:非表示,0,1,0,1,41,0,0,,20230202_新規導入
2213,0,1,0,0,おすすめ(サビあり・サビ抜き)KD:非表示,0,1,0,1,41,0,0,,20230202_新規導入
2214,0,1,0,0,おすすめ(サビあり・サビ抜き)KD:非表示,0,1,0,1,41,0,0,,20230202_新規導入
2215,0,1,0,0,おすすめ(サビあり・サビ抜き)KD:非表示,0,1,0,1,41,0,0,,20230202_新規導入
2216,0,1,0,0,おすすめ(サビあり・サビ抜き)KD:非表示,0,1,0,1,41,0,0,,20230202_新規導入
2217,0,1,0,0,おすすめ(サビあり・サビ抜き)KD:非表示,0,1,0,1,41,0,0,,20230202_新規導入
2218,0,1,0,0,おすすめ(サビあり・サビ抜き)KD:非表示,0,1,0,1,41,0,0,,20230202_新規導入
2219,0,1,0,0,おすすめ(サビあり・サビ抜き)KD:非表示,0,1,0,1,41,0,0,,20230202_新規導入
2220,0,1,0,0,おすすめ(サビあり・サビ抜き)KD:非表示,0,1,0,1,41,0,0,,20230202_新規導入
2221,0,1,0,0,おすすめ(サビあり・サビ抜き)KD:非表示,0,1,0,1,41,0,0,,20230202_新規導入
2222,0,1,0,0,おすすめ(サビあり・サビ抜き)KD:非表示,0,1,0,1,41,0,0,,20230202_新規導入
2223,0,1,0,0,おすすめ(サビあり・サビ抜き)KD:非表示,0,1,0,1,41,0,0,,20230202_新規導入
2224,0,1,0,0,おすすめ(サビあり・サビ抜き)KD:非表示,0,1,0,1,41,0,0,,20230202_新規導入
2225,0,1,0,0,おすすめ(サビあり・サビ抜き)KD:非表示,0,1,0,1,41,0,0,,20230202_新規導入
2226,0,1,0,0,おすすめ(サビあり・サビ抜き)KD:非表示,0,1,0,1,41,0,0,,20230202_新規導入
2227,0,1,0,0,おすすめ(サビあり・サビ抜き)KD:非表示,0,1,0,1,41,0,0,,20230202_新規導入
2228,0,1,0,0,おすすめ(サビあり・サビ抜き)KD:非表示,0,1,0,1,41,0,0,,20230202_新規導入
2229,0,1,0,0,おすすめ(サビあり・サビ抜き)KD:非表示,0,1,0,1,41,0,0,,20230202_新規導入
2230,0,1,0,0,おすすめ(サビあり・サビ抜き)KD:非表示,0,1,0,1,41,0,0,,20230202_新規導入
2231,0,1,0,0,おすすめ(サビあり・サビ抜き)KD:非表示,0,1,0,1,41,0,0,,20230202_新規導入
2232,0,1,0,0,おすすめ(サビあり・サビ抜き)KD:非表示,0,1,0,1,41,0,0,,20230202_新規導入
2233,0,1,0,0,おすすめ(サビあり・サビ抜き)KD:非表示,0,1,0,1,41,0,0,,20230202_新規導入
2234,0,1,0,0,おすすめ(サビあり・サビ抜き)KD:非表示,0,1,0,1,41,0,0,,20230202_新規導入
2235,0,1,0,0,おすすめ(サビあり・サビ抜き)KD:非表示,0,1,0,1,41,0,0,,20230202_新規導入
2236,0,1,0,0,おすすめ(サビあり・サビ抜き)KD:非表示,0,1,0,1,41,0,0,,20230202_新規導入
2237,0,1,0,0,おすすめ(サビあり・サビ抜き)KD:非表示,0,1,0,1,41,0,0,,20230202_新規導入
2238,0,1,0,0,おすすめ(サビあり・サビ抜き)KD:非表示,0,1,0,1,41,0,0,,20230202_新規導入
2239,0,1,0,0,おすすめ(サビあり・サビ抜き)KD:非表示,0,1,0,1,41,0,0,,20230202_新規導入
2240,0,1,0,0,おすすめ(サビあり・サビ抜き)KD:非表示,0,1,0,1,41,0,0,,20230202_新規導入
2241,0,1,0,0,おすすめ(サビあり・サビ抜き)KD:非表示,0,1,0,1,41,0,0,,20230202_新規導入
2242,0,1,0,0,おすすめ(サビあり・サビ抜き)KD:非表示,0,1,0,1,41,0,0,,20230202_新規導入
2243,0,1,0,0,おすすめ(サビあり・サビ抜き)KD:非表示,0,1,0,1,41,0,0,,20230202_新規導入
2244,0,1,0,0,おすすめ(サビあり・サビ抜き)KD:非表示,0,1,0,1,41,0,0,,20230202_新規導入
2245,0,1,0,0,おすすめ(サビあり・サビ抜き)KD:非表示,0,1,0,1,41,0,0,,20230202_新規導入
2246,0,1,0,0,おすすめ(サビあり・サビ抜き)KD:非表示,0,1,0,1,41,0,0,,20230202_新規導入
2247,0,1,0,0,おすすめ(サビあり・サビ抜き)KD:非表示,0,1,0,1,41,0,0,,20230202_新規導入
2248,0,1,0,0,おすすめ(サビあり・サビ抜き)KD:非表示,0,1,0,1,41,0,0,,20230202_新規導入
2249,0,1,0,0,おすすめ(サビあり・サビ抜き)KD:非表示,0,1,0,1,41,0,0,,20230202_新規導入
2250,0,1,0,0,おすすめ(サビあり・サビ抜き)KD:非表示,0,1,0,1,41,0,0,,20230202_新規導入
2251,0,1,0,0,おすすめ(サビあり・サビ抜き)KD:非表示,0,1,0,1,41,0,0,,20230202_新規導入
2252,0,1,0,0,おすすめ(サビあり・サビ抜き)KD:非表示,0,1,0,1,41,0,0,,20230202_新規導入
2253,0,1,0,0,おすすめ(サビあり・サビ抜き)KD:非表示,0,1,0,1,41,0,0,,20230202_新規導入
2254,0,1,0,0,おすすめ(サビあり・サビ抜き)KD:非表示,0,1,0,1,41,0,0,,20230202_新規導入
2255,0,1,0,0,おすすめ(サビあり・サビ抜き)KD:非表示,0,1,0,1,41,0,0,,20230202_新規導入
2256,0,1,0,0,おすすめ(サビあり・サビ抜き)KD:非表示,0,1,0,1,41,0,0,,20230202_新規導入
2257,0,1,0,0,おすすめ(サビあり・サビ抜き)KD:非表示,0,1,0,1,41,0,0,,20230202_新規導入
2258,0,1,0,0,おすすめ(サビあり・サビ抜き)KD:非表示,0,1,0,1,41,0,0,,20230202_新規導入
2259,0,1,0,0,おすすめ(サビあり・サビ抜き)KD:非表示,0,1,0,1,41,0,0,,20230202_新規導入
2260,0,1,0,0,おすすめ(サビあり・サビ抜き)KD:非表示,0,1,0,1,41,0,0,,20230202_新規導入
2261,0,1,0,0,おすすめ(サビあり・サビ抜き)KD:非表示,0,1,0,1,41,0,0,,20230202_新規導入
2262,0,1,0,0,おすすめ(サビあり・サビ抜き)KD:非表示,0,1,0,1,41,0,0,,20230202_新規導入
2263,0,1,0,0,おすすめ(サビあり・サビ抜き)KD:非表示,0,1,0,1,41,0,0,,20230202_新規導入
2264,0,1,0,0,おすすめ(サビあり・サビ抜き)KD:非表示,0,1,0,1,41,0,0,,20230202_新規導入
2265,0,1,0,0,おすすめ(サビあり・サビ抜き)KD:非表示,0,1,0,1,41,0,0,,20230202_新規導入
2266,0,1,0,0,おすすめ(サビあり・サビ抜き)KD:非表示,0,1,0,1,41,0,0,,20230202_新規導入
2267,0,1,0,0,おすすめ(サビあり・サビ抜き)KD:非表示,0,1,0,1,41,0,0,,20230202_新規導入
2268,0,1,0,0,おすすめ(サビあり・サビ抜き)KD:非表示,0,1,0,1,41,0,0,,20230202_新規導入
2269,0,1,0,0,おすすめ(サビあり・サビ抜き)KD:非表示,0,1,0,1,41,0,0,,20230202_新規導入
2270,0,1,0,0,おすすめ(サビあり・サビ抜き)KD:非表示,0,1,0,1,41,0,0,,20230202_新規導入
2271,0,1,0,0,おすすめ(サビあり・サビ抜き)KD:非表示,0,1,0,1,41,0,0,,20230202_新規導入
2272,0,1,0,0,おすすめ(サビあり・サビ抜き)KD:非表示,0,1,0,1,41,0,0,,20230202_新規導入
2273,0,1,0,0,おすすめ(サビあり・サビ抜き)KD:非表示,0,1,0,1,41,0,0,,20230202_新規導入
2274,0,1,0,0,おすすめ(サビあり・サビ抜き)KD:非表示,0,1,0,1,41,0,0,,20230202_新規導入
2275,0,1,0,0,おすすめ(サビあり・サビ抜き)KD:非表示,0,1,0,1,41,0,0,,20230202_新規導入
2276,0,1,0,0,おすすめ(サビあり・サビ抜き)KD:非表示,0,1,0,1,41,0,0,,20230202_新規導入
2277,0,1,0,0,おすすめ(サビあり・サビ抜き)KD:非表示,0,1,0,1,41,0,0,,20230202_新規導入
2278,0,1,0,0,おすすめ(サビあり・サビ抜き)KD:非表示,0,1,0,1,41,0,0,,20230202_新規導入
2279,0,1,0,0,おすすめ(サビあり・サビ抜き)KD:非表示,0,1,0,1,41,0,0,,20230202_新規導入
2280,0,1,0,0,おすすめ(サビあり・サビ抜き)KD:非表示,0,1,0,1,41,0,0,,20230202_新規導入
2281,0,1,0,0,おすすめ(サビあり・サビ抜き)KD:非表示,0,1,0,1,41,0,0,,20230202_新規導入
2282,0,1,0,0,おすすめ(サビあり・サビ抜き)KD:非表示,0,1,0,1,41,0,0,,20230202_新規導入
2283,0,1,0,0,おすすめ(サビあり・サビ抜き)KD:非表示,0,1,0,1,41,0,0,,20230202_新規導入
2284,0,1,0,0,おすすめ(サビあり・サビ抜き)KD:非表示,0,1,0,1,41,0,0,,20230202_新規導入
2285,0,1,0,0,おすすめ(サビあり・サビ抜き)KD:非表示,0,1,0,1,41,0,0,,20230202_新規導入
2286,0,1,0,0,おすすめ(サビあり・サビ抜き)KD:非表示,0,1,0,1,41,0,0,,20230202_新規導入
2287,0,1,0,0,おすすめ(サビあり・サビ抜き)KD:非表示,0,1,0,1,41,0,0,,20230202_新規導入
2288,0,1,0,0,おすすめ(サビあり・サビ抜き)KD:非表示,0,1,0,1,41,0,0,,20230202_新規導入
2289,0,1,0,0,おすすめ(サビあり・サビ抜き)KD:非表示,0,1,0,1,41,0,0,,20230202_新規導入
2290,0,1,0,0,おすすめ(サビあり・サビ抜き)KD:非表示,0,1,0,1,41,0,0,,20230202_新規導入
2291,0,1,0,0,おすすめ(サビあり・サビ抜き)KD:非表示,0,1,0,1,41,0,0,,20230202_新規導入
2292,0,1,0,0,おすすめ(サビあり・サビ抜き)KD:非表示,0,1,0,1,41,0,0,,20230202_新規導入
2293,0,1,0,0,おすすめ(サビあり・サビ抜き)KD:非表示,0,1,0,1,41,0,0,,20230202_新規導入
2294,0,1,0,0,おすすめ(サビあり・サビ抜き)KD:非表示,0,1,0,1,41,0,0,,20230202_新規導入
2295,0,1,0,0,おすすめ(サビあり・サビ抜き)KD:非表示,0,1,0,1,41,0,0,,20230202_新規導入
2296,0,1,0,0,おすすめ(サビあり・サビ抜き)KD:非表示,0,1,0,1,41,0,0,,20230202_新規導入
2297,0,1,0,0,おすすめ(サビあり・サビ抜き)KD:非表示,0,1,0,1,41,0,0,,20230202_新規導入
2298,0,1,0,0,おすすめ(サビあり・サビ抜き)KD:非表示,0,1,0,1,41,0,0,,20230202_新規導入
2299,0,1,0,0,おすすめ(サビあり・サビ抜き)KD:非表示,0,1,0,1,41,0,0,,20230202_新規導入
2300,0,1,0,0,おすすめ(サビあり・サビ抜き)KD:非表示,0,1,0,1,41,0,0,,20230202_新規導入
2301,0,1,0,0,おすすめ(メインのみ)KD:表示,0,0,0,0,0,0,0,,20230202_新規導入
2302,0,1,0,0,おすすめ(メインのみ)KD:表示,0,0,0,0,0,0,0,,20230202_新規導入
2303,0,1,0,0,おすすめ(メインのみ)KD:表示,0,0,0,0,0,0,0,,20230202_新規導入
2304,0,1,0,0,おすすめ(メインのみ)KD:表示,0,0,0,0,0,0,0,,20230202_新規導入
2305,0,1,0,0,おすすめ(メインのみ)KD:表示,0,0,0,0,0,0,0,,20230202_新規導入
2306,0,1,0,0,おすすめ(メインのみ)KD:表示,0,0,0,0,0,0,0,,20230202_新規導入
2307,0,1,0,0,おすすめ(メインのみ)KD:表示,0,0,0,0,0,0,0,,20230202_新規導入
2308,0,1,0,0,おすすめ(メインのみ)KD:表示,0,0,0,0,0,0,0,,20230202_新規導入
2309,0,1,0,0,おすすめ(メインのみ)KD:表示,0,0,0,0,0,0,0,,20230202_新規導入
2310,0,1,0,0,おすすめ(メインのみ)KD:表示,0,0,0,0,0,0,0,,20230202_新規導入
2311,0,1,0,0,おすすめ(メインのみ)KD:表示,0,0,0,0,0,0,0,,20230202_新規導入
2312,0,1,0,0,おすすめ(メインのみ)KD:表示,0,0,0,0,0,0,0,,20230202_新規導入
2313,0,1,0,0,おすすめ(メインのみ)KD:表示,0,0,0,0,0,0,0,,20230202_新規導入
2314,0,1,0,0,おすすめ(メインのみ)KD:表示,0,0,0,0,0,0,0,,20230202_新規導入
2315,0,1,0,0,おすすめ(メインのみ)KD:表示,0,0,0,0,0,0,0,,20230202_新規導入
2316,0,1,0,0,おすすめ(メインのみ)KD:表示,0,0,0,0,0,0,0,,20230202_新規導入
2317,0,1,0,0,おすすめ(メインのみ)KD:表示,0,0,0,0,0,0,0,,20230202_新規導入
2318,0,1,0,0,おすすめ(メインのみ)KD:表示,0,0,0,0,0,0,0,,20230202_新規導入
2319,0,1,0,0,おすすめ(メインのみ)KD:表示,0,0,0,0,0,0,0,,20230202_新規導入
2320,0,1,0,0,おすすめ(メインのみ)KD:表示,0,0,0,0,0,0,0,,20230202_新規導入
2321,0,1,0,0,おすすめ(メインのみ)KD:表示,0,0,0,0,0,0,0,,20230202_新規導入
2322,0,1,0,0,おすすめ(メインのみ)KD:表示,0,0,0,0,0,0,0,,20230202_新規導入
2323,0,1,0,0,おすすめ(メインのみ)KD:表示,0,0,0,0,0,0,0,,20230202_新規導入
2324,0,1,0,0,おすすめ(メインのみ)KD:表示,0,0,0,0,0,0,0,,20230202_新規導入
2325,0,1,0,0,おすすめ(メインのみ)KD:表示,0,0,0,0,0,0,0,,20230202_新規導入
2326,0,1,0,0,おすすめ(メインのみ)KD:表示,0,0,0,0,0,0,0,,20230202_新規導入
2327,0,1,0,0,おすすめ(メインのみ)KD:表示,0,0,0,0,0,0,0,,20230202_新規導入
2328,0,1,0,0,おすすめ(メインのみ)KD:表示,0,0,0,0,0,0,0,,20230202_新規導入
2329,0,1,0,0,おすすめ(メインのみ)KD:表示,0,0,0,0,0,0,0,,20230202_新規導入
2330,0,1,0,0,おすすめ(メインのみ)KD:表示,0,0,0,0,0,0,0,,20230202_新規導入
2331,0,1,0,0,おすすめ(メインのみ)KD:表示,0,0,0,0,0,0,0,,20230202_新規導入
2332,0,1,0,0,おすすめ(メインのみ)KD:表示,0,0,0,0,0,0,0,,20230202_新規導入
2333,0,1,0,0,おすすめ(メインのみ)KD:表示,0,0,0,0,0,0,0,,20230202_新規導入
2334,0,1,0,0,おすすめ(メインのみ)KD:表示,0,0,0,0,0,0,0,,20230202_新規導入
2335,0,1,0,0,おすすめ(メインのみ)KD:表示,0,0,0,0,0,0,0,,20230202_新規導入
2336,0,1,0,0,おすすめ(メインのみ)KD:表示,0,0,0,0,0,0,0,,20230202_新規導入
2337,0,1,0,0,おすすめ(メインのみ)KD:表示,0,0,0,0,0,0,0,,20230202_新規導入
2338,0,1,0,0,おすすめ(メインのみ)KD:表示,0,0,0,0,0,0,0,,20230202_新規導入
2339,0,1,0,0,おすすめ(メインのみ)KD:表示,0,0,0,0,0,0,0,,20230202_新規導入
2340,0,1,0,0,おすすめ(メインのみ)KD:表示,0,0,0,0,0,0,0,,20230202_新規導入
2341,0,1,0,0,おすすめ(メインのみ)KD:表示,0,0,0,0,0,0,0,,20230202_新規導入
2342,0,1,0,0,おすすめ(メインのみ)KD:表示,0,0,0,0,0,0,0,,20230202_新規導入
2343,0,1,0,0,おすすめ(メインのみ)KD:表示,0,0,0,0,0,0,0,,20230202_新規導入
2344,0,1,0,0,おすすめ(メインのみ)KD:表示,0,0,0,0,0,0,0,,20230202_新規導入
2345,0,1,0,0,おすすめ(メインのみ)KD:表示,0,0,0,0,0,0,0,,20230202_新規導入
2346,0,1,0,0,おすすめ(メインのみ)KD:表示,0,0,0,0,0,0,0,,20230202_新規導入
2347,0,1,0,0,おすすめ(メインのみ)KD:表示,0,0,0,0,0,0,0,,20230202_新規導入
2348,0,1,0,0,おすすめ(メインのみ)KD:表示,0,0,0,0,0,0,0,,20230202_新規導入
2349,0,1,0,0,おすすめ(メインのみ)KD:表示,0,0,0,0,0,0,0,,20230202_新規導入
2350,0,1,0,0,おすすめ(メインのみ)KD:表示,0,0,0,0,0,0,0,,20230202_新規導入
2351,0,1,0,0,おすすめ(メインのみ)KD:表示,0,0,0,0,0,0,0,,20230202_新規導入
2352,0,1,0,0,おすすめ(メインのみ)KD:表示,0,0,0,0,0,0,0,,20230202_新規導入
2353,0,1,0,0,おすすめ(メインのみ)KD:表示,0,0,0,0,0,0,0,,20230202_新規導入
2354,0,1,0,0,おすすめ(メインのみ)KD:表示,0,0,0,0,0,0,0,,20230202_新規導入
2355,0,1,0,0,おすすめ(メインのみ)KD:表示,0,0,0,0,0,0,0,,20230202_新規導入
2356,0,1,0,0,おすすめ(メインのみ)KD:表示,0,0,0,0,0,0,0,,20230202_新規導入
2357,0,1,0,0,おすすめ(メインのみ)KD:表示,0,0,0,0,0,0,0,,20230202_新規導入
2358,0,1,0,0,おすすめ(メインのみ)KD:表示,0,0,0,0,0,0,0,,20230202_新規導入
2359,0,1,0,0,おすすめ(メインのみ)KD:表示,0,0,0,0,0,0,0,,20230202_新規導入
2360,0,1,0,0,おすすめ(メインのみ)KD:表示,0,0,0,0,0,0,0,,20230202_新規導入
2361,0,1,0,0,おすすめ(メインのみ)KD:表示,0,0,0,0,0,0,0,,20230202_新規導入
2362,0,1,0,0,おすすめ(メインのみ)KD:表示,0,0,0,0,0,0,0,,20230202_新規導入
2363,0,1,0,0,おすすめ(メインのみ)KD:表示,0,0,0,0,0,0,0,,20230202_新規導入
2364,0,1,0,0,おすすめ(メインのみ)KD:表示,0,0,0,0,0,0,0,,20230202_新規導入
2365,0,1,0,0,おすすめ(メインのみ)KD:表示,0,0,0,0,0,0,0,,20230202_新規導入
2366,0,1,0,0,おすすめ(メインのみ)KD:表示,0,0,0,0,0,0,0,,20230202_新規導入
2367,0,1,0,0,おすすめ(メインのみ)KD:表示,0,0,0,0,0,0,0,,20230202_新規導入
2368,0,1,0,0,おすすめ(メインのみ)KD:表示,0,0,0,0,0,0,0,,20230202_新規導入
2369,0,1,0,0,おすすめ(メインのみ)KD:表示,0,0,0,0,0,0,0,,20230202_新規導入
2370,0,1,0,0,おすすめ(メインのみ)KD:表示,0,0,0,0,0,0,0,,20230202_新規導入
2371,0,1,0,0,おすすめ(メインのみ)KD:表示,0,0,0,0,0,0,0,,20230202_新規導入
2372,0,1,0,0,おすすめ(メインのみ)KD:表示,0,0,0,0,0,0,0,,20230202_新規導入
2373,0,1,0,0,おすすめ(メインのみ)KD:表示,0,0,0,0,0,0,0,,20230202_新規導入
2374,0,1,0,0,おすすめ(メインのみ)KD:表示,0,0,0,0,0,0,0,,20230202_新規導入
2375,0,1,0,0,おすすめ(メインのみ)KD:表示,0,0,0,0,0,0,0,,20230202_新規導入
2376,0,1,0,0,おすすめ(メインのみ)KD:表示,0,0,0,0,0,0,0,,20230202_新規導入
2377,0,1,0,0,おすすめ(メインのみ)KD:表示,0,0,0,0,0,0,0,,20230202_新規導入
2378,0,1,0,0,おすすめ(メインのみ)KD:表示,0,0,0,0,0,0,0,,20230202_新規導入
2379,0,1,0,0,おすすめ(メインのみ)KD:表示,0,0,0,0,0,0,0,,20230202_新規導入
2380,0,1,0,0,おすすめ(メインのみ)KD:表示,0,0,0,0,0,0,0,,20230202_新規導入
2381,0,1,0,0,おすすめ(メインのみ)KD:表示,0,0,0,0,0,0,0,,20230202_新規導入
2382,0,1,0,0,おすすめ(メインのみ)KD:表示,0,0,0,0,0,0,0,,20230202_新規導入
2383,0,1,0,0,おすすめ(メインのみ)KD:表示,0,0,0,0,0,0,0,,20230202_新規導入
2384,0,1,0,0,おすすめ(メインのみ)KD:表示,0,0,0,0,0,0,0,,20230202_新規導入
2385,0,1,0,0,おすすめ(メインのみ)KD:表示,0,0,0,0,0,0,0,,20230202_新規導入
2386,0,1,0,0,おすすめ(メインのみ)KD:表示,0,0,0,0,0,0,0,,20230202_新規導入
2387,0,1,0,0,おすすめ(メインのみ)KD:表示,0,0,0,0,0,0,0,,20230202_新規導入
2388,0,1,0,0,おすすめ(メインのみ)KD:表示,0,0,0,0,0,0,0,,20230202_新規導入
2389,0,1,0,0,おすすめ(メインのみ)KD:表示,0,0,0,0,0,0,0,,20230202_新規導入
2390,0,1,0,0,おすすめ(メインのみ)KD:表示,0,0,0,0,0,0,0,,20230202_新規導入
2391,0,1,0,0,おすすめ(メインのみ)KD:表示,0,0,0,0,0,0,0,,20230202_新規導入
2392,0,1,0,0,おすすめ(メインのみ)KD:表示,0,0,0,0,0,0,0,,20230202_新規導入
2393,0,1,0,0,おすすめ(メインのみ)KD:表示,0,0,0,0,0,0,0,,20230202_新規導入
2394,0,1,0,0,おすすめ(メインのみ)KD:表示,0,0,0,0,0,0,0,,20230202_新規導入
2395,0,1,0,0,おすすめ(メインのみ)KD:表示,0,0,0,0,0,0,0,,20230202_新規導入
2396,0,1,0,0,おすすめ(メインのみ)KD:表示,0,0,0,0,0,0,0,,20230202_新規導入
2397,0,1,0,0,おすすめ(メインのみ)KD:表示,0,0,0,0,0,0,0,,20230202_新規導入
2398,0,1,0,0,おすすめ(メインのみ)KD:表示,0,0,0,0,0,0,0,,20230202_新規導入
2399,0,1,0,0,おすすめ(メインのみ)KD:表示,0,0,0,0,0,0,0,,20230202_新規導入
2400,0,1,0,0,おすすめ(メインのみ)KD:表示,0,0,0,0,0,0,0,,20230202_新規導入
2401,0,1,0,0,おすすめ(メインのみ)KD:非表示,0,0,0,0,0,0,0,,20230202_新規導入
2402,0,1,0,0,おすすめ(メインのみ)KD:非表示,0,0,0,0,0,0,0,,20230202_新規導入
2403,0,1,0,0,おすすめ(メインのみ)KD:非表示,0,0,0,0,0,0,0,,20230202_新規導入
2404,0,1,0,0,おすすめ(メインのみ)KD:非表示,0,0,0,0,0,0,0,,20230202_新規導入
2405,0,1,0,0,おすすめ(メインのみ)KD:非表示,0,0,0,0,0,0,0,,20230202_新規導入
2406,0,1,0,0,おすすめ(メインのみ)KD:非表示,0,0,0,0,0,0,0,,20230202_新規導入
2407,0,1,0,0,おすすめ(メインのみ)KD:非表示,0,0,0,0,0,0,0,,20230202_新規導入
2408,0,1,0,0,おすすめ(メインのみ)KD:非表示,0,0,0,0,0,0,0,,20230202_新規導入
2409,0,1,0,0,おすすめ(メインのみ)KD:非表示,0,0,0,0,0,0,0,,20230202_新規導入
2410,0,1,0,0,おすすめ(メインのみ)KD:非表示,0,0,0,0,0,0,0,,20230202_新規導入
2411,0,1,0,0,おすすめ(メインのみ)KD:非表示,0,0,0,0,0,0,0,,20230202_新規導入
2412,0,1,0,0,おすすめ(メインのみ)KD:非表示,0,0,0,0,0,0,0,,20230202_新規導入
2413,0,1,0,0,おすすめ(メインのみ)KD:非表示,0,0,0,0,0,0,0,,20230202_新規導入
2414,0,1,0,0,おすすめ(メインのみ)KD:非表示,0,0,0,0,0,0,0,,20230202_新規導入
2415,0,1,0,0,おすすめ(メインのみ)KD:非表示,0,0,0,0,0,0,0,,20230202_新規導入
2416,0,1,0,0,おすすめ(メインのみ)KD:非表示,0,0,0,0,0,0,0,,20230202_新規導入
2417,0,1,0,0,おすすめ(メインのみ)KD:非表示,0,0,0,0,0,0,0,,20230202_新規導入
2418,0,1,0,0,おすすめ(メインのみ)KD:非表示,0,0,0,0,0,0,0,,20230202_新規導入
2419,0,1,0,0,おすすめ(メインのみ)KD:非表示,0,0,0,0,0,0,0,,20230202_新規導入
2420,0,1,0,0,おすすめ(メインのみ)KD:非表示,0,0,0,0,0,0,0,,20230202_新規導入
2421,0,1,0,0,おすすめ(メインのみ)KD:非表示,0,0,0,0,0,0,0,,20230202_新規導入
2422,0,1,0,0,おすすめ(メインのみ)KD:非表示,0,0,0,0,0,0,0,,20230202_新規導入
2423,0,1,0,0,おすすめ(メインのみ)KD:非表示,0,0,0,0,0,0,0,,20230202_新規導入
2424,0,1,0,0,おすすめ(メインのみ)KD:非表示,0,0,0,0,0,0,0,,20230202_新規導入
2425,0,1,0,0,おすすめ(メインのみ)KD:非表示,0,0,0,0,0,0,0,,20230202_新規導入
2426,0,1,0,0,おすすめ(メインのみ)KD:非表示,0,0,0,0,0,0,0,,20230202_新規導入
2427,0,1,0,0,おすすめ(メインのみ)KD:非表示,0,0,0,0,0,0,0,,20230202_新規導入
2428,0,1,0,0,おすすめ(メインのみ)KD:非表示,0,0,0,0,0,0,0,,20230202_新規導入
2429,0,1,0,0,おすすめ(メインのみ)KD:非表示,0,0,0,0,0,0,0,,20230202_新規導入
2430,0,1,0,0,おすすめ(メインのみ)KD:非表示,0,0,0,0,0,0,0,,20230202_新規導入
2431,0,1,0,0,おすすめ(メインのみ)KD:非表示,0,0,0,0,0,0,0,,20230202_新規導入
2432,0,1,0,0,おすすめ(メインのみ)KD:非表示,0,0,0,0,0,0,0,,20230202_新規導入
2433,0,1,0,0,おすすめ(メインのみ)KD:非表示,0,0,0,0,0,0,0,,20230202_新規導入
2434,0,1,0,0,おすすめ(メインのみ)KD:非表示,0,0,0,0,0,0,0,,20230202_新規導入
2435,0,1,0,0,おすすめ(メインのみ)KD:非表示,0,0,0,0,0,0,0,,20230202_新規導入
2436,0,1,0,0,おすすめ(メインのみ)KD:非表示,0,0,0,0,0,0,0,,20230202_新規導入
2437,0,1,0,0,おすすめ(メインのみ)KD:非表示,0,0,0,0,0,0,0,,20230202_新規導入
2438,0,1,0,0,おすすめ(メインのみ)KD:非表示,0,0,0,0,0,0,0,,20230202_新規導入
2439,0,1,0,0,おすすめ(メインのみ)KD:非表示,0,0,0,0,0,0,0,,20230202_新規導入
2440,0,1,0,0,おすすめ(メインのみ)KD:非表示,0,0,0,0,0,0,0,,20230202_新規導入
2441,0,1,0,0,おすすめ(メインのみ)KD:非表示,0,0,0,0,0,0,0,,20230202_新規導入
2442,0,1,0,0,おすすめ(メインのみ)KD:非表示,0,0,0,0,0,0,0,,20230202_新規導入
2443,0,1,0,0,おすすめ(メインのみ)KD:非表示,0,0,0,0,0,0,0,,20230202_新規導入
2444,0,1,0,0,おすすめ(メインのみ)KD:非表示,0,0,0,0,0,0,0,,20230202_新規導入
2445,0,1,0,0,おすすめ(メインのみ)KD:非表示,0,0,0,0,0,0,0,,20230202_新規導入
2446,0,1,0,0,おすすめ(メインのみ)KD:非表示,0,0,0,0,0,0,0,,20230202_新規導入
2447,0,1,0,0,おすすめ(メインのみ)KD:非表示,0,0,0,0,0,0,0,,20230202_新規導入
2448,0,1,0,0,おすすめ(メインのみ)KD:非表示,0,0,0,0,0,0,0,,20230202_新規導入
2449,0,1,0,0,おすすめ(メインのみ)KD:非表示,0,0,0,0,0,0,0,,20230202_新規導入
2450,0,1,0,0,おすすめ(メインのみ)KD:非表示,0,0,0,0,0,0,0,,20230202_新規導入
2451,0,1,0,0,おすすめ(メインのみ)KD:非表示,0,0,0,0,0,0,0,,20230202_新規導入
2452,0,1,0,0,おすすめ(メインのみ)KD:非表示,0,0,0,0,0,0,0,,20230202_新規導入
2453,0,1,0,0,おすすめ(メインのみ)KD:非表示,0,0,0,0,0,0,0,,20230202_新規導入
2454,0,1,0,0,おすすめ(メインのみ)KD:非表示,0,0,0,0,0,0,0,,20230202_新規導入
2455,0,1,0,0,おすすめ(メインのみ)KD:非表示,0,0,0,0,0,0,0,,20230202_新規導入
2456,0,1,0,0,おすすめ(メインのみ)KD:非表示,0,0,0,0,0,0,0,,20230202_新規導入
2457,0,1,0,0,おすすめ(メインのみ)KD:非表示,0,0,0,0,0,0,0,,20230202_新規導入
2458,0,1,0,0,おすすめ(メインのみ)KD:非表示,0,0,0,0,0,0,0,,20230202_新規導入
2459,0,1,0,0,おすすめ(メインのみ)KD:非表示,0,0,0,0,0,0,0,,20230202_新規導入
2460,0,1,0,0,おすすめ(メインのみ)KD:非表示,0,0,0,0,0,0,0,,20230202_新規導入
2461,0,1,0,0,おすすめ(メインのみ)KD:非表示,0,0,0,0,0,0,0,,20230202_新規導入
2462,0,1,0,0,おすすめ(メインのみ)KD:非表示,0,0,0,0,0,0,0,,20230202_新規導入
2463,0,1,0,0,おすすめ(メインのみ)KD:非表示,0,0,0,0,0,0,0,,20230202_新規導入
2464,0,1,0,0,おすすめ(メインのみ)KD:非表示,0,0,0,0,0,0,0,,20230202_新規導入
2465,0,1,0,0,おすすめ(メインのみ)KD:非表示,0,0,0,0,0,0,0,,20230202_新規導入
2466,0,1,0,0,おすすめ(メインのみ)KD:非表示,0,0,0,0,0,0,0,,20230202_新規導入
2467,0,1,0,0,おすすめ(メインのみ)KD:非表示,0,0,0,0,0,0,0,,20230202_新規導入
2468,0,1,0,0,おすすめ(メインのみ)KD:非表示,0,0,0,0,0,0,0,,20230202_新規導入
2469,0,1,0,0,おすすめ(メインのみ)KD:非表示,0,0,0,0,0,0,0,,20230202_新規導入
2470,0,1,0,0,おすすめ(メインのみ)KD:非表示,0,0,0,0,0,0,0,,20230202_新規導入
2471,0,1,0,0,おすすめ(メインのみ)KD:非表示,0,0,0,0,0,0,0,,20230202_新規導入
2472,0,1,0,0,おすすめ(メインのみ)KD:非表示,0,0,0,0,0,0,0,,20230202_新規導入
2473,0,1,0,0,おすすめ(メインのみ)KD:非表示,0,0,0,0,0,0,0,,20230202_新規導入
2474,0,1,0,0,おすすめ(メインのみ)KD:非表示,0,0,0,0,0,0,0,,20230202_新規導入
2475,0,1,0,0,おすすめ(メインのみ)KD:非表示,0,0,0,0,0,0,0,,20230202_新規導入
2476,0,1,0,0,おすすめ(メインのみ)KD:非表示,0,0,0,0,0,0,0,,20230202_新規導入
2477,0,1,0,0,おすすめ(メインのみ)KD:非表示,0,0,0,0,0,0,0,,20230202_新規導入
2478,0,1,0,0,おすすめ(メインのみ)KD:非表示,0,0,0,0,0,0,0,,20230202_新規導入
2479,0,1,0,0,おすすめ(メインのみ)KD:非表示,0,0,0,0,0,0,0,,20230202_新規導入
2480,0,1,0,0,おすすめ(メインのみ)KD:非表示,0,0,0,0,0,0,0,,20230202_新規導入
2481,0,1,0,0,おすすめ(メインのみ)KD:非表示,0,0,0,0,0,0,0,,20230202_新規導入
2482,0,1,0,0,おすすめ(メインのみ)KD:非表示,0,0,0,0,0,0,0,,20230202_新規導入
2483,0,1,0,0,おすすめ(メインのみ)KD:非表示,0,0,0,0,0,0,0,,20230202_新規導入
2484,0,1,0,0,おすすめ(メインのみ)KD:非表示,0,0,0,0,0,0,0,,20230202_新規導入
2485,0,1,0,0,おすすめ(メインのみ)KD:非表示,0,0,0,0,0,0,0,,20230202_新規導入
2486,0,1,0,0,おすすめ(メインのみ)KD:非表示,0,0,0,0,0,0,0,,20230202_新規導入
2487,0,1,0,0,おすすめ(メインのみ)KD:非表示,0,0,0,0,0,0,0,,20230202_新規導入
2488,0,1,0,0,おすすめ(メインのみ)KD:非表示,0,0,0,0,0,0,0,,20230202_新規導入
2489,0,1,0,0,おすすめ(メインのみ)KD:非表示,0,0,0,0,0,0,0,,20230202_新規導入
2490,0,1,0,0,おすすめ(メインのみ)KD:非表示,0,0,0,0,0,0,0,,20230202_新規導入
2491,0,1,0,0,おすすめ(メインのみ)KD:非表示,0,0,0,0,0,0,0,,20230202_新規導入
2492,0,1,0,0,おすすめ(メインのみ)KD:非表示,0,0,0,0,0,0,0,,20230202_新規導入
2493,0,1,0,0,おすすめ(メインのみ)KD:非表示,0,0,0,0,0,0,0,,20230202_新規導入
2494,0,1,0,0,おすすめ(メインのみ)KD:非表示,0,0,0,0,0,0,0,,20230202_新規導入
2495,0,1,0,0,おすすめ(メインのみ)KD:非表示,0,0,0,0,0,0,0,,20230202_新規導入
2496,0,1,0,0,おすすめ(メインのみ)KD:非表示,0,0,0,0,0,0,0,,20230202_新規導入
2497,0,1,0,0,おすすめ(メインのみ)KD:非表示,0,0,0,0,0,0,0,,20230202_新規導入
2498,0,1,0,0,おすすめ(メインのみ)KD:非表示,0,0,0,0,0,0,0,,20230202_新規導入
2499,0,1,0,0,おすすめ(メインのみ)KD:非表示,0,0,0,0,0,0,0,,20230202_新規導入
2500,0,1,0,0,おすすめ(メインのみ)KD:非表示,0,0,0,0,0,0,0,,20230202_新規導入
2501,0,1,0,0,おすすめ(割り方)KD:非表示,0,1,0,2,42,0,0,,20230202_新規導入
2502,0,1,0,0,おすすめ(割り方)KD:非表示,0,1,0,2,42,0,0,,20230202_新規導入
2503,0,1,0,0,おすすめ(割り方)KD:非表示,0,1,0,2,42,0,0,,20230202_新規導入
2504,0,1,0,0,おすすめ(割り方)KD:非表示,0,1,0,2,42,0,0,,20230202_新規導入
2505,0,1,0,0,おすすめ(割り方)KD:非表示,0,1,0,2,42,0,0,,20230202_新規導入
2506,0,1,0,0,おすすめ(割り方)KD:非表示,0,1,0,2,42,0,0,,20230202_新規導入
2507,0,1,0,0,おすすめ(割り方)KD:非表示,0,1,0,2,42,0,0,,20230202_新規導入
2508,0,1,0,0,おすすめ(割り方)KD:非表示,0,1,0,2,42,0,0,,20230202_新規導入
2509,0,1,0,0,おすすめ(割り方)KD:非表示,0,1,0,2,42,0,0,,20230202_新規導入
2510,0,1,0,0,おすすめ(割り方)KD:非表示,0,1,0,2,42,0,0,,20230202_新規導入
2511,0,1,0,0,おすすめ(割り方)KD:非表示,0,1,0,2,42,0,0,,20230202_新規導入
2512,0,1,0,0,おすすめ(割り方)KD:非表示,0,1,0,2,42,0,0,,20230202_新規導入
2513,0,1,0,0,おすすめ(割り方)KD:非表示,0,1,0,2,42,0,0,,20230202_新規導入
2514,0,1,0,0,おすすめ(割り方)KD:非表示,0,1,0,2,42,0,0,,20230202_新規導入
2515,0,1,0,0,おすすめ(割り方)KD:非表示,0,1,0,2,42,0,0,,20230202_新規導入
2516,0,1,0,0,おすすめ(割り方)KD:非表示,0,1,0,2,42,0,0,,20230202_新規導入
2517,0,1,0,0,おすすめ(割り方)KD:非表示,0,1,0,2,42,0,0,,20230202_新規導入
2518,0,1,0,0,おすすめ(割り方)KD:非表示,0,1,0,2,42,0,0,,20230202_新規導入
2519,0,1,0,0,おすすめ(割り方)KD:非表示,0,1,0,2,42,0,0,,20230202_新規導入
2520,0,1,0,0,おすすめ(割り方)KD:非表示,0,1,0,2,42,0,0,,20230202_新規導入
2521,0,1,0,0,おすすめ(割り方)KD:非表示,0,1,0,2,42,0,0,,20230202_新規導入
2522,0,1,0,0,おすすめ(割り方)KD:非表示,0,1,0,2,42,0,0,,20230202_新規導入
2523,0,1,0,0,おすすめ(割り方)KD:非表示,0,1,0,2,42,0,0,,20230202_新規導入
2524,0,1,0,0,おすすめ(割り方)KD:非表示,0,1,0,2,42,0,0,,20230202_新規導入
2525,0,1,0,0,おすすめ(割り方)KD:非表示,0,1,0,2,42,0,0,,20230202_新規導入
2526,0,1,0,0,おすすめ(割り方)KD:非表示,0,1,0,2,42,0,0,,20230202_新規導入
2527,0,1,0,0,おすすめ(割り方)KD:非表示,0,1,0,2,42,0,0,,20230202_新規導入
2528,0,1,0,0,おすすめ(割り方)KD:非表示,0,1,0,2,42,0,0,,20230202_新規導入
2529,0,1,0,0,おすすめ(割り方)KD:非表示,0,1,0,2,42,0,0,,20230202_新規導入
2530,0,1,0,0,おすすめ(割り方)KD:非表示,0,1,0,2,42,0,0,,20230202_新規導入
2531,0,1,0,0,おすすめ(割り方)KD:非表示,0,1,0,2,42,0,0,,20230202_新規導入
2532,0,1,0,0,おすすめ(割り方)KD:非表示,0,1,0,2,42,0,0,,20230202_新規導入
2533,0,1,0,0,おすすめ(割り方)KD:非表示,0,1,0,2,42,0,0,,20230202_新規導入
2534,0,1,0,0,おすすめ(割り方)KD:非表示,0,1,0,2,42,0,0,,20230202_新規導入
2535,0,1,0,0,おすすめ(割り方)KD:非表示,0,1,0,2,42,0,0,,20230202_新規導入
2536,0,1,0,0,おすすめ(割り方)KD:非表示,0,1,0,2,42,0,0,,20230202_新規導入
2537,0,1,0,0,おすすめ(割り方)KD:非表示,0,1,0,2,42,0,0,,20230202_新規導入
2538,0,1,0,0,おすすめ(割り方)KD:非表示,0,1,0,2,42,0,0,,20230202_新規導入
2539,0,1,0,0,おすすめ(割り方)KD:非表示,0,1,0,2,42,0,0,,20230202_新規導入
2540,0,1,0,0,おすすめ(割り方)KD:非表示,0,1,0,2,42,0,0,,20230202_新規導入
2541,0,1,0,0,おすすめ(割り方)KD:非表示,0,1,0,2,42,0,0,,20230202_新規導入
2542,0,1,0,0,おすすめ(割り方)KD:非表示,0,1,0,2,42,0,0,,20230202_新規導入
2543,0,1,0,0,おすすめ(割り方)KD:非表示,0,1,0,2,42,0,0,,20230202_新規導入
2544,0,1,0,0,おすすめ(割り方)KD:非表示,0,1,0,2,42,0,0,,20230202_新規導入
2545,0,1,0,0,おすすめ(割り方)KD:非表示,0,1,0,2,42,0,0,,20230202_新規導入
2546,0,1,0,0,おすすめ(割り方)KD:非表示,0,1,0,2,42,0,0,,20230202_新規導入
2547,0,1,0,0,おすすめ(割り方)KD:非表示,0,1,0,2,42,0,0,,20230202_新規導入
2548,0,1,0,0,おすすめ(割り方)KD:非表示,0,1,0,2,42,0,0,,20230202_新規導入
2549,0,1,0,0,おすすめ(割り方)KD:非表示,0,1,0,2,42,0,0,,20230202_新規導入
2550,0,1,0,0,おすすめ(割り方)KD:非表示,0,1,0,2,42,0,0,,20230202_新規導入
2551,0,1,0,0,おすすめ(ホット・アイス)KD:非表示,0,1,0,3,43,0,0,,20230202_新規導入
2552,0,1,0,0,おすすめ(ホット・アイス)KD:非表示,0,1,0,3,43,0,0,,20230203_新規導入
2553,0,1,0,0,おすすめ(ホット・アイス)KD:非表示,0,1,0,3,43,0,0,,20230204_新規導入
2554,0,1,0,0,おすすめ(ホット・アイス)KD:非表示,0,1,0,3,43,0,0,,20230205_新規導入
2555,0,1,0,0,おすすめ(ホット・アイス)KD:非表示,0,1,0,3,43,0,0,,20230206_新規導入
2556,0,1,0,0,おすすめ(ホット・アイス)KD:非表示,0,1,0,3,43,0,0,,20230207_新規導入
2557,0,1,0,0,おすすめ(ホット・アイス)KD:非表示,0,1,0,3,43,0,0,,20230208_新規導入
2558,0,1,0,0,おすすめ(ホット・アイス)KD:非表示,0,1,0,3,43,0,0,,20230209_新規導入
2559,0,1,0,0,おすすめ(ホット・アイス)KD:非表示,0,1,0,3,43,0,0,,20230210_新規導入
2560,0,1,0,0,おすすめ(ホット・アイス)KD:非表示,0,1,0,3,43,0,0,,20230211_新規導入
2561,0,1,0,0,おすすめ(ホット・アイス)KD:非表示,0,1,0,3,43,0,0,,20230212_新規導入
2562,0,1,0,0,おすすめ(ホット・アイス)KD:非表示,0,1,0,3,43,0,0,,20230213_新規導入
2563,0,1,0,0,おすすめ(ホット・アイス)KD:非表示,0,1,0,3,43,0,0,,20230214_新規導入
2564,0,1,0,0,おすすめ(ホット・アイス)KD:非表示,0,1,0,3,43,0,0,,20230215_新規導入
2565,0,1,0,0,おすすめ(ホット・アイス)KD:非表示,0,1,0,3,43,0,0,,20230216_新規導入
2566,0,1,0,0,おすすめ(ホット・アイス)KD:非表示,0,1,0,3,43,0,0,,20230217_新規導入
2567,0,1,0,0,おすすめ(ホット・アイス)KD:非表示,0,1,0,3,43,0,0,,20230218_新規導入
2568,0,1,0,0,おすすめ(ホット・アイス)KD:非表示,0,1,0,3,43,0,0,,20230219_新規導入
2569,0,1,0,0,おすすめ(ホット・アイス)KD:非表示,0,1,0,3,43,0,0,,20230220_新規導入
2570,0,1,0,0,おすすめ(ホット・アイス)KD:非表示,0,1,0,3,43,0,0,,20230221_新規導入
2571,0,1,0,0,おすすめ(ホット・アイス)KD:非表示,0,1,0,3,43,0,0,,20230222_新規導入
2572,0,1,0,0,おすすめ(ホット・アイス)KD:非表示,0,1,0,3,43,0,0,,20230223_新規導入
2573,0,1,0,0,おすすめ(ホット・アイス)KD:非表示,0,1,0,3,43,0,0,,20230224_新規導入
2574,0,1,0,0,おすすめ(ホット・アイス)KD:非表示,0,1,0,3,43,0,0,,20230225_新規導入
2575,0,1,0,0,おすすめ(ホット・アイス)KD:非表示,0,1,0,3,43,0,0,,20230226_新規導入
2576,0,1,0,0,おすすめ(ホット・アイス)KD:非表示,0,1,0,3,43,0,0,,20230227_新規導入
2577,0,1,0,0,おすすめ(ホット・アイス)KD:非表示,0,1,0,3,43,0,0,,20230228_新規導入
2578,0,1,0,0,おすすめ(ホット・アイス)KD:非表示,0,1,0,3,43,0,0,,20230229_新規導入
2579,0,1,0,0,おすすめ(ホット・アイス)KD:非表示,0,1,0,3,43,0,0,,20230230_新規導入
2580,0,1,0,0,おすすめ(ホット・アイス)KD:非表示,0,1,0,3,43,0,0,,20230231_新規導入
2581,0,1,0,0,おすすめ(ホット・アイス)KD:非表示,0,1,0,3,43,0,0,,20230232_新規導入
2582,0,1,0,0,おすすめ(ホット・アイス)KD:非表示,0,1,0,3,43,0,0,,20230233_新規導入
2583,0,1,0,0,おすすめ(ホット・アイス)KD:非表示,0,1,0,3,43,0,0,,20230234_新規導入
2584,0,1,0,0,おすすめ(ホット・アイス)KD:非表示,0,1,0,3,43,0,0,,20230235_新規導入
2585,0,1,0,0,おすすめ(ホット・アイス)KD:非表示,0,1,0,3,43,0,0,,20230236_新規導入
2586,0,1,0,0,おすすめ(ホット・アイス)KD:非表示,0,1,0,3,43,0,0,,20230237_新規導入
2587,0,1,0,0,おすすめ(ホット・アイス)KD:非表示,0,1,0,3,43,0,0,,20230238_新規導入
2588,0,1,0,0,おすすめ(ホット・アイス)KD:非表示,0,1,0,3,43,0,0,,20230239_新規導入
2589,0,1,0,0,おすすめ(ホット・アイス)KD:非表示,0,1,0,3,43,0,0,,20230240_新規導入
2590,0,1,0,0,おすすめ(ホット・アイス)KD:非表示,0,1,0,3,43,0,0,,20230241_新規導入
2591,0,1,0,0,おすすめ(ホット・アイス)KD:非表示,0,1,0,3,43,0,0,,20230242_新規導入
2592,0,1,0,0,おすすめ(ホット・アイス)KD:非表示,0,1,0,3,43,0,0,,20230243_新規導入
2593,0,1,0,0,おすすめ(ホット・アイス)KD:非表示,0,1,0,3,43,0,0,,20230244_新規導入
2594,0,1,0,0,おすすめ(ホット・アイス)KD:非表示,0,1,0,3,43,0,0,,20230245_新規導入
2595,0,1,0,0,おすすめ(ホット・アイス)KD:非表示,0,1,0,3,43,0,0,,20230246_新規導入
2596,0,1,0,0,おすすめ(ホット・アイス)KD:非表示,0,1,0,3,43,0,0,,20230247_新規導入
2597,0,1,0,0,おすすめ(ホット・アイス)KD:非表示,0,1,0,3,43,0,0,,20230248_新規導入
2598,0,1,0,0,おすすめ(ホット・アイス)KD:非表示,0,1,0,3,43,0,0,,20230249_新規導入
2599,0,1,0,0,おすすめ(ホット・アイス)KD:非表示,0,1,0,3,43,0,0,,20230250_新規導入
2600,0,1,0,0,おすすめ(ホット・アイス)KD:非表示,0,1,0,3,43,0,0,,20230251_新規導入
3018,0,1,600,648,自家製かりんとう饅頭(6個),0,0,0,0,0,0,0,,20230202_新規導入
3019,0,1,750,810,鯛だし鶏唐揚げ(10個),0,0,0,0,0,0,0,,20230202_新規導入
3032,0,1,70,77,折 1人前 6皿,0,0,0,0,0,0,0,,20230202_新規導入
3033,0,1,70,77,折 1人前 8皿,0,0,0,0,0,0,0,,20230202_新規導入
3034,0,1,130,143,折 2人前 10皿,0,0,0,0,0,0,0,,20230202_新規導入
3035,0,1,190,209,折 3人前 18皿,0,0,0,0,0,0,0,,20230202_新規導入
3036,0,1,190,209,折 4人前 20皿,0,0,0,0,0,0,0,,20230202_新規導入
3037,0,1,250,275,折 5人前 30皿,0,0,0,0,0,0,0,,20230202_新規導入
3101,0,1,400,432,わかたけ醤油,0,0,0,0,0,0,0,,20230713_価格変更
3102,0,1,500,540,慈眼の塩,0,0,0,0,0,0,0,,20230202_新規導入
3103,0,1,380,411,わかたけ粉末茶,0,0,0,0,0,0,0,,20230202_新規導入
9001,0,1,0,0,,1,0,0,0,0,0,0,,20230202_新規導入
9002,0,1,0,0,●,1,0,0,0,0,0,0,,20230202_新規導入
9003,0,1,0,0,ロック,1,0,0,0,0,0,0,,20230202_新規導入
9004,0,1,0,0,水割り,1,0,0,0,0,0,0,,20230202_新規導入
9005,0,1,0,0,お湯割り,1,0,0,0,0,0,0,,20230202_新規導入
9006,0,1,0,0,炭酸割り,1,0,0,0,0,0,0,,20230202_新規導入
9007,0,1,0,0,ホット,1,0,0,0,0,0,0,,20230202_新規導入
9008,0,1,0,0,アイス,1,0,0,0,0,0,0,,20230202_新規導入
9009,0,1,0,0,ねぎあり,1,0,0,0,0,0,0,,20250301_新規導入
9010,0,1,0,0,ねぎ抜き,1,0,0,0,0,0,0,,20250301_新規導入
9011,0,1,0,0,ｸﾞﾗｽ不要,1,0,0,0,0,0,0,,20250301_新規導入
9012,0,1,0,0,ｸﾞﾗｽ1,1,0,0,0,0,0,0,,20250301_新規導入
9013,0,1,0,0,ｸﾞﾗｽ2,1,0,0,0,0,0,0,,20250301_新規導入
9014,0,1,0,0,ｸﾞﾗｽ3,1,0,0,0,0,0,0,,20250301_新規導入
9015,0,1,0,0,ｸﾞﾗｽ4,1,0,0,0,0,0,0,,20250301_新規導入
9016,0,1,0,0,ｸﾞﾗｽ5,1,0,0,0,0,0,0,,20250301_新規導入
9017,0,1,0,0,ｸﾞﾗｽ6,1,0,0,0,0,0,0,,20250301_新規導入
