1,1,0101_キャンペーン①
1,2,0102_キャンペーン②
1,3,0103_キャンペーン③
1,4,0104_キャンペーン④
1,5,0105_キャンペーン⑤
1,6,0106_キャンペーン⑥
1,7,0107_期間限定①
1,8,0108_期間限定②
1,9,0109_期間限定③
1,10,0110_期間限定④
1,11,0111_期間限定⑤
1,12,0112_期間限定⑥
2,1,0201_人気ネタ①
2,2,0202_人気ネタ②
2,3,0203_人気ネタ③
2,4,0204_３種盛り
2,5,0205_ごち寿司
2,6,0206_おすすめセット
2,7,0207_おすすめネタ①
2,8,0208_おすすめネタ②
2,9,0209_おすすめネタ③
2,10,0210_おすすめネタ④
2,11,0211_おすすめネタ⑤
2,12,0212_おすすめネタ⑥
3,1,0301_まぐろ①
3,2,0302_まぐろ②
3,3,0303_サーモン①
3,4,0304_サーモン②
3,5,0305_いか・たこ①
3,6,0306_いか・たこ②
3,7,0307_貝①
3,8,0308_はまち・白身・うなぎなど①
3,9,0309_はまち・白身・うなぎなど②
3,10,0310_はまち・白身・うなぎなど③
3,11,0311_はまち・白身・うなぎなど④
3,12,0312_はまち・白身・うなぎなど⑤
4,1,0401_えび・かに①
4,2,0402_えび・かに②
4,3,0403_肉・たまご・野菜他①
4,4,0404_肉・たまご・野菜②
4,5,0405_肉・たまご・野菜他
4,6,0406_炙り①
4,7,0407_炙り②
4,8,0408_炙り③
4,9,0409_天ぷら①
4,10,0410_天ぷら②
4,11,0411_包み寿司
4,12,0412_その他
5,1,0501_シャリハーフ①
5,2,0502_シャリハーフ②
5,3,0503_シャリハーフ③
5,4,0504_シャリハーフ④
5,5,0505_シャリハーフ⑤
5,6,0506_シャリハーフ⑥
5,7,0507_シャリハーフ⑦
5,8,0508_シャリハーフ⑧
5,9,0509_シャリハーフ⑨
5,10,0510_シャリハーフ⑩
5,11,0511_シャリハーフ⑪
5,12,0512_シャリハーフ⑫
6,1,0601_一貫提供商品①
6,2,0602_一貫提供商品②
6,3,0603_一貫提供商品③
6,4,0604_一貫提供商品④
6,5,0605_一貫提供商品⑤
6,6,0606_一貫提供商品⑥
6,7,0607_一貫提供商品⑦
6,8,0608_一貫提供商品⑧
6,9,0609_一貫提供商品⑨
6,10,0610_一貫提供商品⑩
6,11,0611_一貫提供商品⑪
6,12,0612_一貫提供商品⑫
7,1,0701_軍艦①
7,2,0702_軍艦②
7,3,0703_軍艦③
7,4,0704_軍艦④
7,5,0705_軍艦⑤
7,6,0706_軍艦⑥
7,7,0707_一貫提供商品(軍艦)①
7,8,0708_一貫提供商品(軍艦)②
7,9,0709_一貫提供商品(軍艦)③
7,10,0710_一貫提供商品(軍艦)④
7,11,0711_巻物①
7,12,0712_巻物②
8,1,0801_お椀・麺①
8,2,0802_お椀・麺②
8,3,0803_お椀・麺③
8,4,0804_一品物①
8,5,0805_一品物②
8,6,0806_一品物③
8,7,0807_一品物④
8,8,0808_キッズ①
8,9,0809_キッズ②
8,10,0810_キッズ③
8,11,0811_取り皿ほか①
8,12,0812_取り皿ほか②
9,1,0901_デザート①
9,2,0902_デザート②
9,3,0903_デザート③
9,4,0904_デザート④
9,5,0905_デザート⑤
9,6,0906_ドリンク①
9,7,0907_ドリンク②
9,8,0908_ドリンク③
9,9,0909_ドリンク④
9,10,0910_アルコール①
9,11,0911_アルコール②
9,12,0912_アルコール③
10,1,1001_お持ち帰り商品①
10,2,1002_お持ち帰り商品②
10,3,1003_お持ち帰り商品③
10,4,1004_お持ち帰り商品④
10,5,1005_お持ち帰り商品⑤
10,6,1006_お持ち帰り商品⑥
10,7,1007_お持ち帰り商品⑦
10,8,1008_お持ち帰り商品⑧
10,9,1009_お持ち帰り商品⑨
10,10,1010_ランチメニュー①
10,11,1011_ランチメニュー②
10,12,1012_ランチメニュー③
