1,1,1,mt0101n.jpg,mt0101f.jpg
1,2,1,mt0102n.jpg,mt0102f.jpg
1,3,1,mt0103n.jpg,mt0103f.jpg
1,4,1,mt0104n.jpg,mt0104f.jpg
1,5,1,mt0105n.jpg,mt0105f.jpg
1,6,1,mt0106n.jpg,mt0106f.jpg
1,7,1,mt0107n.jpg,mt0107f.jpg
1,8,1,mt0108n.jpg,mt0108f.jpg
1,9,1,mt0109n.jpg,mt0109f.jpg
1,10,1,mt0110n.jpg,mt0110f.jpg
1,11,1,mt0111n.jpg,mt0111f.jpg
1,12,1,mt0112n.jpg,mt0112f.jpg
2,1,1,mt0201n.jpg,mt0201f.jpg
2,2,1,mt0202n.jpg,mt0202f.jpg
2,3,1,mt0203n.jpg,mt0203f.jpg
2,4,1,mt0204n.jpg,mt0204f.jpg
2,5,1,mt0205n.jpg,mt0205f.jpg
2,6,1,mt0206n.jpg,mt0206f.jpg
2,7,1,mt0207n.jpg,mt0207f.jpg
2,8,1,mt0208n.jpg,mt0208f.jpg
2,9,1,mt0209n.jpg,mt0209f.jpg
2,10,1,mt0210n.jpg,mt0210f.jpg
2,11,1,mt0211n.jpg,mt0211f.jpg
2,12,1,mt0212n.jpg,mt0212f.jpg
3,1,1,mt0301n.jpg,mt0301f.jpg
3,2,1,mt0302n.jpg,mt0302f.jpg
3,3,1,mt0303n.jpg,mt0303f.jpg
3,4,1,mt0304n.jpg,mt0304f.jpg
3,5,1,mt0305n.jpg,mt0305f.jpg
3,6,1,mt0306n.jpg,mt0306f.jpg
3,7,1,mt0307n.jpg,mt0307f.jpg
3,8,1,mt0308n.jpg,mt0308f.jpg
3,9,1,mt0309n.jpg,mt0309f.jpg
3,10,1,mt0310n.jpg,mt0310f.jpg
3,11,1,mt0311n.jpg,mt0311f.jpg
3,12,1,mt0312n.jpg,mt0312f.jpg
4,1,1,mt0401n.jpg,mt0401f.jpg
4,2,1,mt0402n.jpg,mt0402f.jpg
4,3,1,mt0403n.jpg,mt0403f.jpg
4,4,1,mt0404n.jpg,mt0404f.jpg
4,5,1,mt0405n.jpg,mt0405f.jpg
4,6,1,mt0406n.jpg,mt0406f.jpg
4,7,1,mt0407n.jpg,mt0407f.jpg
4,8,1,mt0408n.jpg,mt0408f.jpg
4,9,1,mt0409n.jpg,mt0409f.jpg
4,10,1,mt0410n.jpg,mt0410f.jpg
4,11,1,mt0411n.jpg,mt0411f.jpg
4,12,1,mt0412n.jpg,mt0412f.jpg
5,1,1,mt0501n.jpg,mt0501f.jpg
5,2,1,mt0502n.jpg,mt0502f.jpg
5,3,1,mt0503n.jpg,mt0503f.jpg
5,4,1,mt0504n.jpg,mt0504f.jpg
5,5,1,mt0505n.jpg,mt0505f.jpg
5,6,1,mt0506n.jpg,mt0506f.jpg
5,7,1,mt0507n.jpg,mt0507f.jpg
5,8,1,mt0508n.jpg,mt0508f.jpg
5,9,1,mt0509n.jpg,mt0509f.jpg
5,10,1,mt0510n.jpg,mt0510f.jpg
5,11,1,mt0511n.jpg,mt0511f.jpg
5,12,1,mt0512n.jpg,mt0512f.jpg
6,1,1,mt0601n.jpg,mt0601f.jpg
6,2,1,mt0602n.jpg,mt0602f.jpg
6,3,1,mt0603n.jpg,mt0603f.jpg
6,4,1,mt0604n.jpg,mt0604f.jpg
6,5,1,mt0605n.jpg,mt0605f.jpg
6,6,1,mt0606n.jpg,mt0606f.jpg
6,7,1,mt0607n.jpg,mt0607f.jpg
6,8,1,mt0608n.jpg,mt0608f.jpg
6,9,1,mt0609n.jpg,mt0609f.jpg
6,10,1,mt0610n.jpg,mt0610f.jpg
6,11,1,mt0611n.jpg,mt0611f.jpg
6,12,1,mt0612n.jpg,mt0612f.jpg
7,1,1,mt0701n.jpg,mt0701f.jpg
7,2,1,mt0702n.jpg,mt0702f.jpg
7,3,1,mt0703n.jpg,mt0703f.jpg
7,4,1,mt0704n.jpg,mt0704f.jpg
7,5,1,mt0705n.jpg,mt0705f.jpg
7,6,1,mt0706n.jpg,mt0706f.jpg
7,7,1,mt0707n.jpg,mt0707f.jpg
7,8,1,mt0708n.jpg,mt0708f.jpg
7,9,1,mt0709n.jpg,mt0709f.jpg
7,10,1,mt0710n.jpg,mt0710f.jpg
7,11,1,mt0711n.jpg,mt0711f.jpg
7,12,1,mt0712n.jpg,mt0712f.jpg
8,1,1,mt0801n.jpg,mt0801f.jpg
8,2,1,mt0802n.jpg,mt0802f.jpg
8,3,1,mt0803n.jpg,mt0803f.jpg
8,4,1,mt0804n.jpg,mt0804f.jpg
8,5,1,mt0805n.jpg,mt0805f.jpg
8,6,1,mt0806n.jpg,mt0806f.jpg
8,7,1,mt0807n.jpg,mt0807f.jpg
8,8,1,mt0808n.jpg,mt0808f.jpg
8,9,1,mt0809n.jpg,mt0809f.jpg
8,10,1,mt0810n.jpg,mt0810f.jpg
8,11,1,mt0811n.jpg,mt0811f.jpg
8,12,1,mt0812n.jpg,mt0812f.jpg
9,1,1,mt0901n.jpg,mt0901f.jpg
9,2,1,mt0902n.jpg,mt0902f.jpg
9,3,1,mt0903n.jpg,mt0903f.jpg
9,4,1,mt0904n.jpg,mt0904f.jpg
9,5,1,mt0905n.jpg,mt0905f.jpg
9,6,1,mt0906n.jpg,mt0906f.jpg
9,7,1,mt0907n.jpg,mt0907f.jpg
9,8,1,mt0908n.jpg,mt0908f.jpg
9,9,1,mt0909n.jpg,mt0909f.jpg
9,10,1,mt0910n.jpg,mt0910f.jpg
9,11,1,mt0911n.jpg,mt0911f.jpg
9,12,1,mt0912n.jpg,mt0912f.jpg
10,1,1,mt1001n.jpg,mt1001f.jpg
10,2,1,mt1002n.jpg,mt1002f.jpg
10,3,1,mt1003n.jpg,mt1003f.jpg
10,4,1,mt1004n.jpg,mt1004f.jpg
10,5,1,mt1005n.jpg,mt1005f.jpg
10,6,1,mt1006n.jpg,mt1006f.jpg
10,7,1,mt1007n.jpg,mt1007f.jpg
10,8,1,mt1008n.jpg,mt1008f.jpg
10,9,1,mt1009n.jpg,mt1009f.jpg
10,10,1,mt1010n.jpg,mt1010f.jpg
10,11,1,mt1011n.jpg,mt1011f.jpg
10,12,1,mt1012n.jpg,mt1012f.jpg
