1,1,1,6,0,1,mm0000.jpg
1,2,1,6,0,1,mm0000.jpg
1,3,1,6,0,1,mm0000.jpg
1,4,1,6,0,1,mm0000.jpg
1,5,1,6,0,1,mm0000.jpg
1,6,1,6,0,1,mm0000.jpg
1,7,1,6,0,1,mm0000.jpg
1,8,1,6,0,1,mm0000.jpg
1,9,1,6,0,1,mm0000.jpg
1,10,1,6,0,1,mm0000.jpg
1,11,1,6,0,1,mm0000.jpg
1,12,1,6,0,1,mm0000.jpg
2,1,1,6,0,1,mm0000.jpg
2,2,1,6,0,1,mm0000.jpg
2,3,1,6,0,1,mm0000.jpg
2,4,1,6,0,1,mm0000.jpg
2,5,1,6,0,1,mm0000.jpg
2,6,1,6,0,1,mm0000.jpg
2,7,1,6,0,1,mm0000.jpg
2,8,1,6,0,1,mm0000.jpg
2,9,1,6,0,1,mm0000.jpg
2,10,1,6,0,1,mm0000.jpg
2,11,1,6,0,1,mm0000.jpg
2,12,1,6,0,1,mm0000.jpg
3,1,1,6,0,1,mm0000.jpg
3,2,1,6,0,1,mm0000.jpg
3,3,1,6,0,1,mm0000.jpg
3,4,1,6,0,1,mm0000.jpg
3,5,1,6,0,1,mm0000.jpg
3,6,1,6,0,1,mm0000.jpg
3,7,1,6,0,1,mm0000.jpg
3,8,1,6,0,1,mm0000.jpg
3,9,1,6,0,1,mm0000.jpg
3,10,1,6,0,1,mm0000.jpg
3,11,1,6,0,1,mm0000.jpg
3,12,1,6,0,1,mm0000.jpg
4,1,1,6,0,1,mm0000.jpg
4,2,1,6,0,1,mm0000.jpg
4,3,1,6,0,1,mm0000.jpg
4,4,1,6,0,1,mm0000.jpg
4,5,1,6,0,1,mm0000.jpg
4,6,1,6,0,1,mm0000.jpg
4,7,1,6,0,1,mm0000.jpg
4,8,1,6,0,1,mm0000.jpg
4,9,1,6,0,1,mm0000.jpg
4,10,1,6,0,1,mm0000.jpg
4,11,1,6,0,1,mm0000.jpg
4,12,1,6,0,1,mm0000.jpg
5,1,1,6,0,1,mm0000.jpg
5,2,1,6,0,1,mm0000.jpg
5,3,1,6,0,1,mm0000.jpg
5,4,1,6,0,1,mm0000.jpg
5,5,1,6,0,1,mm0000.jpg
5,6,1,6,0,1,mm0000.jpg
5,7,1,6,0,1,mm0000.jpg
5,8,1,6,0,1,mm0000.jpg
5,9,1,6,0,1,mm0000.jpg
5,10,1,6,0,1,mm0000.jpg
5,11,1,6,0,1,mm0000.jpg
5,12,1,6,0,1,mm0000.jpg
6,1,1,6,0,1,mm0000.jpg
6,2,1,6,0,1,mm0000.jpg
6,3,1,6,0,1,mm0000.jpg
6,4,1,6,0,1,mm0000.jpg
6,5,1,6,0,1,mm0000.jpg
6,6,1,6,0,1,mm0000.jpg
6,7,1,6,0,1,mm0000.jpg
6,8,1,6,0,1,mm0000.jpg
6,9,1,6,0,1,mm0000.jpg
6,10,1,6,0,1,mm0000.jpg
6,11,1,6,0,1,mm0000.jpg
6,12,1,6,0,1,mm0000.jpg
7,1,1,6,0,1,mm0000.jpg
7,2,1,6,0,1,mm0000.jpg
7,3,1,6,0,1,mm0000.jpg
7,4,1,6,0,1,mm0000.jpg
7,5,1,6,0,1,mm0000.jpg
7,6,1,6,0,1,mm0000.jpg
7,7,1,6,0,1,mm0000.jpg
7,8,1,6,0,1,mm0000.jpg
7,9,1,6,0,1,mm0000.jpg
7,10,1,6,0,1,mm0000.jpg
7,11,1,6,0,1,mm0000.jpg
7,12,1,6,0,1,mm0000.jpg
8,1,1,6,0,1,mm0000.jpg
8,2,1,6,0,1,mm0000.jpg
8,3,1,6,0,1,mm0000.jpg
8,4,1,6,0,1,mm0000.jpg
8,5,1,6,0,1,mm0000.jpg
8,6,1,6,0,1,mm0000.jpg
8,7,1,6,0,1,mm0000.jpg
8,8,1,6,0,1,mm0000.jpg
8,9,1,6,0,1,mm0000.jpg
8,10,1,6,0,1,mm0000.jpg
8,11,1,6,0,1,mm0000.jpg
8,12,1,6,0,1,mm0000.jpg
9,1,1,6,0,1,mm0000.jpg
9,2,1,6,0,1,mm0000.jpg
9,3,1,6,0,1,mm0000.jpg
9,4,1,6,0,1,mm0000.jpg
9,5,1,6,0,1,mm0000.jpg
9,6,1,6,0,1,mm0000.jpg
9,7,1,6,0,1,mm0000.jpg
9,8,1,6,0,1,mm0000.jpg
9,9,1,6,0,1,mm0000.jpg
9,10,1,6,0,1,mm0000.jpg
9,11,1,6,0,1,mm0000.jpg
9,12,1,6,0,1,mm0000.jpg
10,1,1,6,0,1,mm0000.jpg
10,2,1,6,0,1,mm0000.jpg
10,3,1,6,0,1,mm0000.jpg
10,4,1,6,0,1,mm0000.jpg
10,5,1,6,0,1,mm0000.jpg
10,6,1,6,0,1,mm0000.jpg
10,7,1,6,0,1,mm0000.jpg
10,8,1,6,0,1,mm0000.jpg
10,9,1,6,0,1,mm0000.jpg
10,10,1,6,0,1,mm0000.jpg
10,11,1,6,0,1,mm0000.jpg
10,12,1,6,0,1,mm0000.jpg
